name,country,population,aliases
Warīsān,AE,108759,
Ras Al Khaimah,AE,351943,Resü'l-Hayme
Dubai,AE,3790000,Dubái|Dúbæ|杜拜|迪拜
Sharjah,AE,1800000,Šardžá|夏尔迦
Fujairah,AE,118933,Füceyre|Füceyrə|富吉拉
Al Ain City,AE,846747,艾因
Ajman,AE,490035,
Abu Dhabi,AE,1807000,Abú Dabí|Abú Daibí|Abú Zabí|Â-pu-tha̍t-pí|阿布扎比
Jebel Ali,AE,210000,
Musaffah,AE,243341,
Mazār-e Sharīf,AF,523300,
Kunduz,AF,161902,Kundúz|昆都士
Kandahār,AF,523300,坎大哈
Kabul,AF,4434550,Cabúl|Kabúl|喀布尔|喀布爾
Jalālābād,AF,271900,
Herāt,AF,574300,Hérat|赫拉特
Ghazni,AF,141000,
Gardez,AF,103601,
Elbasan,AL,100903,
Vlorë,AL,115261,发罗拉
Tirana,AL,418495,Tiorána|Tírana|地拉那
Durrës,AL,195920,都拉斯
Yerevan,AM,1144700,Eireaván|Ereván|Iereván|Jereván|Yérévan|葉里溫
Gyumri,AM,114667,Gümrü|Kümri|久姆里
Saurimo,AO,393000,
Lucapa,AO,110000,
Dundo,AO,177604,
Chitato,AO,246880,
Uíge,AO,322531,
Soyo,AO,200920,Santo António do Zaire|Santo-António
N'dalatando,AO,161584,
Mbanza Kongo,AO,148000,
Malanje,AO,455000,
Luanda,AO,2776168,Lúanda|盧安達|罗安达
Cabinda,AO,550000,
Cazenga,AO,424528,
Talatona,AO,500000,
Sumbe,AO,205832,孫貝
Ondjiva,AO,121537,翁吉瓦
Mossamedes,AO,255000,納米貝
Menongue,AO,251178,梅農蓋
Luena,AO,273675,盧埃納
Lubango,AO,600751,Sá da Bandeira|盧班戈
Lobito,AO,357950,Llobín|洛比托
Cuíto,AO,355423,Bihé|Bié
Huambo,AO,595304,万博
Gabela,AO,116903,
Caála,AO,130000,
Benguela,AO,555124,São Félipe de Benguela|本吉拉
Resistencia,AR,290793,雷西斯滕西亚
Posadas,AR,305874,波萨达斯
La Plata,AR,195443,Eva Perón|拉普拉塔
Formosa,AR,222226,福莫萨
Corrientes,AR,346334,科连特斯
Castelar,AR,107786,卡斯特拉爾
Buenos Aires,AR,2891082,Bouonézâr|Buénos Ayrés|Búenos Aíres|Santa María del Buen Ayre|布宜諾斯艾利斯|布宜诺斯艾利斯
Berazategui,AR,180523,貝拉薩特吉|贝拉萨特吉
Santiago del Estero,AR,252192,圣地亚哥-德尔埃斯特罗
Santa Rosa,AR,102860,聖羅莎
Santa Fe,AR,391164,
San Salvador de Jujuy,AR,257970,圣萨尔瓦多-德胡胡伊
San Miguel de Tucumán,AR,548866,Tucumán|圣米格尔-德图库曼
San Luis,AR,169947,聖路易斯
San Juan,AR,109123,圣胡安
Catamarca,AR,159139,卡塔马卡
Salta,AR,520683,萨尔塔
Paraná,AR,247139,Çittæ de Paraná|巴拉那
Neuquén,AR,231198,Ciudad de Neuquén|Ciudá de Neuquén|Vila de Neuquén|内乌肯
Mendoza,AR,114893,Ciudá de Mendoza|门多萨
La Rioja,AR,178872,拉里奧哈
Córdoba,AR,2106734,Ciudad de Córdoba|Córdoba i Argentina|Córdova|Vila de Córdoba|科尔多瓦
San Miguel,AR,168762,聖米格爾
Vienna,AT,1691468,Bécs|Vídeň|Vín|Vínarborg|維也納
Salzburg,AT,157245,柴尔兹孛格|萨尔斯堡|萨尔茨堡|薩爾斯堡
Linz,AT,204846,林茨
Klagenfurt am Wörthersee,AT,100316,克拉根福
Innsbruck,AT,132493,因斯孛鲁克|因斯布鲁克
Graz,AT,303270,Grác|Gráz|格拉茨
Perth,AU,2309338,珀斯
Darwin,AU,139902,达尔文|达尔文港
Adelaide,AU,1469163,Adélaïde|阿德来得|阿德莱德
Townsville,AU,201313,汤斯维尔|湯士威路
Toowoomba,AU,142163,图文巴
Sydney,AU,5557233,Sidnéy|Sék-nà̤|悉尼|雪梨
Melbourne,AU,5350705,墨尔本|墨爾本|新金山
Hobart,AU,252639,荷巴特|霍巴特
Gold Coast,AU,640778,黃金海岸|黄金海岸
Geelong,AU,282809,吉朗
Canberra,AU,367752,Kanbérra|坎培拉|堪培拉
Cairns,AU,153075,凯恩斯|凱恩斯
Brisbane,AU,2780063,布里司班|布里斯本|布里斯班
Ballarat,AU,111973,巴拉瑞特|巴拉腊特|巴罅辣
Logan City,AU,345098,洛根市
Central Coast,AU,346596,
Lankaran,AZ,240300,
Yevlakh,AZ,127400,
Tovuz,AZ,177200,
Sumqayıt,AZ,358675,
Mingachevir,AZ,106048,明盖恰乌尔
Ganja,AZ,335600,占贾
Baku,AZ,1116513,Bacú|Bakó|Bakú|巴库
Sarajevo,BA,696731,Sairéavó|Sarajevó|Szarajevó|塞拉耶佛|薩拉熱窩
Banja Luka,BA,221106,巴尼亚卢卡
Tungi,BD,337579,
Sylhet,BD,237000,錫爾赫特市
Shibganj,BD,378701,
Sātkhira,BD,128918,
Sirajganj,BD,127481,
Narsingdi,BD,281080,
Shāhzādpur,BD,102420,
Rajshahi,BD,763580,
Narayanganj,BD,223622,
Nāgarpur,BD,238422,
Mymensingh,BD,225126,
Comilla,BD,1030000,
Rangpur,BD,1031388,朗布尔市
Kushtia,BD,135724,
Dhaka,BD,10356500,Dháka|达卡|達卡
Bhairab Bāzār,BD,105457,
Bāndarban,BD,495272,
Tungipara,BD,114482,
Sonārgaon,BD,130000,
Pār Naogaon,BD,192464,
Nagar Naluākot,BD,273000,
Mohammadpur,BD,527571,
Maijdi,BD,132185,
Kafrul,BD,339734,
Farīdpur,BD,112187,
Dinajpur,BD,206234,
Chattogram,BD,3920222,Čattagrám|Čitágáon|吉大港|吉大港市
Bhatara,BD,324300,
Ashuganj City,BD,210356,
Cox’s Bāzār,BD,253788,
Khulna,BD,1500689,库尔纳市
Barishal,BD,202242,
Rangamati,BD,106069,
Jessore,BD,243987,
Brāhmanbāria,BD,264326,
Pābna,BD,186781,
Tangail,BD,180144,
Bogra,BD,210000,
Nawābganj,BD,142361,
Sherpur,BD,107419,
Savar,BD,286008,
Hāthazāri,BD,498179,
Saidpur,BD,199422,
Puthia,BD,159406,
Natore,BD,369138,
Karnaphuli,BD,203697,
Paltan,BD,184492,
Motijheel,BD,202308,
Schaerbeek,BE,132761,斯哈尔贝克
Namur,BE,110939,Namür|那慕爾
Liège,BE,195278,Léck|Lüttich|列日
Leuven,BE,101032,鲁汶
Gent,BE,265086,根特
Charleroi,BE,200132,Carleroé|沙勒罗瓦
Brussels,BE,1019022,An Bhruiséil|Bréissel|Brüksel|Brüssel|Brüsszel|布魯塞爾|布鲁塞尔|比律悉
Brugge,BE,118509,Brügge|布吕赫|布鲁日历史中心
Antwerpen,BE,529247,Antuérpia|Antwérp|Anvérse|Ôn-thi̍t-ví-phú|安特卫普|安特衞普
Ouahigouya,BF,124587,瓦希古亞
Ouagadougou,BF,2415266,Uagadugú|瓦加杜古
Koudougou,BF,160239,库杜古
Kaya,BF,121970,卡亞
Bobo-Dioulasso,BF,904920,博博迪乌拉索
Banfora,BF,117452,邦福拉
Varna,BG,318737,Várna|瓦爾納
Stara Zagora,BG,121582,Stará Zagora|舊扎戈拉
Sofia,BG,1152556,Sofía|Szófia|Sóifia|索菲亞
Ruse,BG,121168,Roussé|鲁塞
Plovdiv,BG,329489,Plóvdiv|普罗夫迪夫
Burgas,BG,210646,布爾加斯
Madīnat Ḩamad,BH,133550,哈馬德鎮|哈马德镇
Al Muharraq,BH,176583,
Manama,BH,147074,Manáma|麥納瑪|麦纳麦
Ar Rifā‘,BH,115495,里法
Bujumbura,BI,769317,Bujumbúra|布松布拉|布琼布拉
Porto-Novo,BJ,264320,新港|波圖奴埠|波多诺伏
Parakou,BJ,255478,帕拉庫
Godomè,BJ,253262,
Abomey-Calavi,BJ,385755,
Abomey,BJ,117824,Palácios Reais de Abomei
Tarija,BO,159269,塔里哈
Sucre,BO,224838,Sucre történelmi óvárosa|Súkre|苏克雷|蘇克雷
Santa Cruz de la Sierra,BO,1831434,
Sacaba,BO,180726,萨卡瓦|薩卡瓦
Quillacollo,BO,172405,基亞科約
Potosí,BO,141251,波托西
Oruro,BO,208684,奥鲁罗
Cochabamba,BO,841276,科恰班巴
Vitória de Santo Antão,BR,134084,Vitória
Timon,BR,174465,
Teresina,BR,871126,特雷西納
Sobral,BR,203023,Januária de Acaracu
São Luís,BR,917237,Saun Luís|São Luís do Maranhão|圣路易斯
São Lourenço da Mata,BR,111249,
São José de Ribamar,BR,244579,São-José-do-Ribamar
São Gonçalo do Amarante,BR,115838,
Santa Rita,BR,149910,
Santarém,BR,189047,Santarém i Brasil|聖塔倫
Recife,BR,1653461,Mauricéa|李斯腓|累西腓
Santana,BR,107618,
Petrolina,BR,386791,彼得羅利納
Paulo Afonso,BR,112870,保罗·阿方索城
Paulista,BR,342167,
Parnaíba,BR,138008,巴纳伊巴
Parintins,BR,101956,
Paragominas,BR,105550,
Olinda,BR,366754,奧林達
Natal,BR,896708,
Mossoró,BR,264577,Moçoró|莫索罗
Maranguape,BR,105093,
Maracanaú,BR,234509,
Marabá,BR,145860,马拉巴
Maceió,BR,1031597,Maçayó|马塞约
Macapá,BR,512902,馬卡帕
Juazeiro do Norte,BR,225230,北茹阿澤魯
Juazeiro,BR,237821,
João Pessoa,BR,817511,Cidade Felipéa|Frederícia|Paraíba|若昂佩索阿
Itacoatiara,BR,112520,
Itapipoca,BR,131123,
Itaituba,BR,123314,
Ipojuca,BR,105638,
Imperatriz,BR,218106,因佩拉特里斯
Igarassu,BR,122312,Iguarassú|伊加拉苏
Garanhuns,BR,151064,
Fortaleza,BR,2400000,Ceará|福塔雷萨|福塔雷薩
Crato,BR,131050,克拉图
Codó,BR,114275,
Caxias,BR,156973,卡希亚斯
Caucaia,BR,355679,
Castanhal,BR,192256,卡斯塔尼亞爾
Campina Grande,BR,348936,大坎皮納
Cametá,BR,134184,
Camaragibe,BR,155771,
Breves,BR,106968,
Bragança,BR,123082,
Belém,BR,1499641,Belem do Pará|Pará|贝伦
Barcarena,BR,126650,
Balsas,BR,101767,
Bacabal,BR,103711,
Arapiraca,BR,243661,
Araguaína,BR,105019,阿拉瓜伊纳
Ananindeua,BR,433956,阿納寧德瓦
Altamira,BR,126279,阿爾塔米拉
Abreu e Lima,BR,103945,阿布雷乌埃利马
Abaetetuba,BR,158188,Abaeté
Votorantim,BR,127923,
Volta Redonda,BR,279898,沃尔塔雷东达
Vitória da Conquista,BR,253137,维多利亚-达孔基斯塔
Vitória,BR,312656,
Vila Velha,BR,394930,韦利亚镇
Viamão,BR,285269,维亚芒
Vespasiano,BR,129246,
Várzea Paulista,BR,115771,
Várzea Grande,BR,314627,
Varginha,BR,136467,瓦尔任阿
Valinhos,BR,126373,瓦利尼乌斯
Uruguaiana,BR,123480,乌鲁瓜亚纳
Umuarama,BR,117095,
Uberlândia,BR,563536,烏貝蘭迪亞
Uberaba,BR,337836,烏貝拉巴
Ubá,BR,103365,乌巴
Tubarão,BR,110088,图巴朗
Trindade,BR,142431,特林达迪
Toledo,BR,119313,
Teresópolis,BR,176692,特雷索波利斯
Teófilo Otoni,BR,101170,Teófilo Otôni|特奥菲卢奥托尼
Suzano,BR,307429,蘇扎諾
Sete Lagoas,BR,227397,
Sertãozinho,BR,126887,
Serra,BR,520653,
Senador Canedo,BR,118451,
Sarandi,BR,118455,
Sapucaia do Sul,BR,132107,Açapucaí|Güianuba
São Vicente,BR,329911,聖維森特市
São Pedro da Aldeia,BR,110556,圣佩德罗-达阿尔德亚
São Paulo,BR,12400232,圣保罗|聖保羅
São Mateus,BR,123752,
São Leopoldo,BR,209229,圣利奥波尔杜
São José dos Pinhais,BR,329628,São José dos Pinhaes|聖若澤杜斯皮尼艾斯
São José,BR,200000,
São José,BR,270299,圣若泽
São João de Meriti,BR,466536,聖若昂迪梅里蒂
São Carlos,BR,205035,聖卡洛斯
São Caetano do Sul,BR,165655,
São Bernardo do Campo,BR,743372,
Santo Antônio de Jesus,BR,103055,
Santo André,BR,662373,Santo André (São Paulo)
Santana de Parnaíba,BR,154105,Parnaíba|Sant'Ana-de-Paranaíba
Santa Luzia,BR,219132,Santa Lúcia|聖盧西亞
Santa Cruz do Sul,BR,133230,南圣克鲁斯
Santa Bárbara d'Oeste,BR,188000,Santa Bárbara do Oeste|Sta. Bárbara do Oeste
Salvador,BR,2711840,Baía|Salvador de Bahía|萨尔瓦多
Sabará,BR,129380,萨巴拉
Rondonópolis,BR,259167,Rodonópolis
Rio Verde,BR,225696,里奥韦尔迪
Rio Grande,BR,187838,
Rio de Janeiro,BR,6747815,Rio dé Janéyro|Riviéthe dé Janvyi|Río de Janeiro|里約熱內盧|里约热内卢
Rio das Ostras,BR,168099,
Rio Claro,BR,201418,
Ribeirão Pires,BR,115559,
Ribeirão das Neves,BR,329794,
Resende,BR,111514,雷森迪
Queimados,BR,149093,
Presidente Prudente,BR,225668,普鲁登特总统城
Praia Grande,BR,349935,大普拉亚
Pouso Alegre,BR,152217,波苏阿莱格里
Porto Seguro,BR,168326,塞古鲁港
Porto Alegre,BR,1488252,阿雷格里港
Ponta Grossa,BR,292177,蓬塔格羅薩
Poá,BR,103765,
Planaltina,BR,105031,
Piraquara,BR,118730,
Pindamonhangaba,BR,165428,平达莫尼扬加巴
Petrópolis,BR,272691,彼得罗波利斯
Pelotas,BR,320674,佩洛塔斯
Patos de Minas,BR,159235,帕图斯迪米纳斯
Passos,BR,111939,帕苏斯
Passo Fundo,BR,179529,帕苏丰杜
Paranaguá,BR,141013,巴拉那瓜
Ourinhos,BR,103970,欧里尼奥斯
Osasco,BR,728615,
Novo Hamburgo,BR,253841,新漢堡
Nova Serrana,BR,105552,
Nova Lima,BR,111697,
Nossa Senhora do Socorro,BR,192330,Cotingüiba
Niterói,BR,456456,
Nilópolis,BR,147281,尼洛波利斯
Muriaé,BR,104108,Muriahé|穆里亚埃
Montes Claros,BR,414240,蒙蒂斯克拉鲁斯
Mogi Guaçu,BR,153658,Mogy Guassú|莫吉瓜苏
Mogi das Cruzes,BR,325746,
Magé,BR,244092,马热
Macaé,BR,143029,Macahé|马卡埃
Luziânia,BR,209129,
Linhares,BR,166786,
Limeira,BR,291869,利梅拉
Lavras,BR,104761,拉夫拉斯
Lages,BR,164676,拉热斯
Lagarto,BR,101579,
Joinville,BR,461304,若茵维莱
Jequié,BR,127475,Jiquié|热基耶
Jaú,BR,133497,Jahú|雅乌
Jataí,BR,105729,
Jaraguá do Sul,BR,182660,Jaraguá|南雅拉瓜
Japeri,BR,102149,
Jandira,BR,118045,
Jacareí,BR,213110,雅卡雷伊
Ituiutaba,BR,102217,伊图尤塔巴
Itu,BR,137586,伊图
Itaquaquecetuba,BR,369275,
Itapetininga,BR,157790,伊塔佩蒂宁加
Itaperuna,BR,107246,伊塔佩鲁纳
Itapecerica da Serra,BR,158522,
Itajaí,BR,155716,伊達賈伊
Itaguaí,BR,123980,伊塔瓜伊
Itabuna,BR,205660,伊塔布纳
Itaboraí,BR,240040,伊塔博拉伊
Itabira,BR,113343,伊塔比拉
Itabaiana,BR,103440,
Ipatinga,BR,228746,伊帕廷加
Ilhéus,BR,155499,Ilhéos|São Jorgé dos Ilhéos|伊列乌斯
Ibirité,BR,170537,
Guarulhos,BR,1169577,
Guaratinguetá,BR,118044,
Guarapuava,BR,182093,瓜拉普阿瓦
Guarapari,BR,124656,
Guará,BR,120641,
Governador Valadares,BR,250878,瓦拉達里斯州長市
Goiânia,BR,1536097,Goianá|戈亚尼亚
Gama,BR,139467,
Franco da Rocha,BR,144849,
Francisco Morato,BR,165139,
Formosa,BR,115901,福莫薩
Florianópolis,BR,508826,弗洛里亚诺波利斯
Ferraz de Vasconcelos,BR,179198,
Feira de Santana,BR,619609,費拉迪聖安娜
Eunápolis,BR,113710,
Embu das Artes,BR,250691,
Duque de Caxias,BR,818329,卡希亞斯公爵城
Dourados,BR,162202,多拉杜斯
Divinópolis,BR,231091,迪维诺波利斯
Diadema,BR,393237,
Curitiba,BR,1948626,Kùrìtíbà|古里提巴|庫里奇巴
Cuiabá,BR,618124,Cuyabá|库亚巴
Cubatão,BR,112476,库巴唐
Criciúma,BR,161954,Creciúna|Cresciúma|克里西烏馬
Coronel Fabriciano,BR,104736,法布里西亚诺上校城
Contagem,BR,627123,孔塔任
Conselheiro Lafaiete,BR,111596,拉法耶蒂顾问城
Colatina,BR,101190,
Chapecó,BR,160157,Xapecó|沙佩科
Ceilândia,BR,287023,
Caxias do Sul,BR,381270,南卡希亞斯
Catanduva,BR,115791,
Catalão,BR,114427,
Cascavel,BR,257172,Tłʼiish áníní|卡斯卡韋爾
Cariacica,BR,353491,
Canoas,BR,328291,卡諾阿斯
Campo Largo,BR,136327,坎普拉古
Campo Grande,BR,906092,格蘭德營
Campinas,BR,1031554,坎皮纳斯
Cambé,BR,107208,
Camaçari,BR,188758,卡馬薩里
Caieiras,BR,102775,
Cachoeiro de Itapemirim,BR,187019,
Cachoeirinha,BR,136258,
Cabo Frio,BR,238166,Cabo Frío|卡波弗里奧
Brusque,BR,141385,布吕斯克
Brasília,BR,2207718,Brasilía|Brazília|Brazíliaváros|巴西利亚|巴西利亞
Birigui,BR,102277,Birigüi|比里吉
Betim,BR,384000,貝廷
Bento Gonçalves,BR,123151,
Belo Horizonte,BR,2721564,貝洛奥里藏特|贝洛奥里藏特
Belford Roxo,BR,466096,貝爾福羅舒
Barueri,BR,316473,Tamboré|巴魯埃里
Barretos,BR,122485,巴雷图斯
Barreiras,BR,159734,
Barra Mansa,BR,164052,巴拉曼萨市
Barbacena,BR,125317,
Balneário Camboriú,BR,139155,Balneario Camboriú|Balneário|Camboriú|巴内阿里约坎博里乌
Araxá,BR,111691,Ouro Minas Araxá|阿拉沙
Araucária,BR,151666,
Araruama,BR,137773,阿拉鲁阿马
Araras,BR,135331,阿拉拉斯
Araraquara,BR,168468,阿拉拉夸拉
Arapongas,BR,119138,阿拉蓬加斯
Araguari,BR,117808,阿拉瓜里
Araçatuba,BR,170024,阿拉萨图巴
Aracaju,BR,664908,阿拉卡茹
Apucarana,BR,130134,
Anápolis,BR,319587,阿纳波利斯
Americana,BR,246655,亚美利加纳
Almirante Tamandaré,BR,119825,Tamandaré|阿尔米兰特塔曼达雷
Alagoinhas,BR,122688,阿拉戈伊尼亚斯
Palmas,BR,306296,
Rio Branco,BR,419452,Penápolis|Río Branco|里約布蘭科
Porto Velho,BR,548952,韋柳港
Manaus,BR,2219580,Manáos|马瑙斯
Manacapuru,BR,110691,
Boa Vista,BR,419652,
Ji Paraná,BR,124333,
Açailândia,BR,106550,
Águas Lindas de Goiás,BR,225693,
Aparecida de Goiânia,BR,510770,阿帕雷西達迪戈亞尼亞
Fazenda Rio Grande,BR,148873,
Lauro de Freitas,BR,203331,
Marituba,BR,111785,
Novo Gama,BR,103804,
Paço do Lumiar,BR,145643,
Parauapebas,BR,267836,
Pinhais,BR,117000,
Simões Filho,BR,114559,
Sinop,BR,216029,
Sorriso,BR,120985,
Tangará da Serra,BR,112547,
Valparaíso de Goiás,BR,198861,
Planaltina,BR,189412,高園
Luis Eduardo Magalhães,BR,107909,
Santa Maria,BR,116622,
Riacho Fundo II,BR,105210,
Samambaia,BR,218840,
Águas Claras,BR,128486,
Recanto das Emas,BR,115550,
Plano Piloto,BR,198697,
Nassau,BS,227940,Nasáu|拿騷|拿骚
Gaborone,BW,246325,Gaboróne|嘉柏隆里|嘉波隆里
Francistown,BW,103417,弗朗西斯敦
Vitebsk,BY,358395,Vítebsk|Vítsiebsk|维捷布斯克
Minsk,BY,1742124,明斯克|明斯克市
Mahilyow,BY,353110,
Hrodna,BY,361115,格罗德诺
Homyel',BY,501102,Gómel|戈梅利
Brest,BY,344470,布列斯特
Abbotsford,CA,141397,亞博斯福
Ajax,CA,119677,亞積士
Barrie,CA,147829,巴里
Brampton,CA,656480,布兰普顿
Brantford,CA,104688,布兰特福德
Burlington,CA,186948,伯灵顿
Calgary,CA,1306784,卡加利|卡尔加里
Cambridge,CA,129920,剑桥
Dartmouth,CA,101343,达特茅斯|達特茅斯
Delta,CA,101668,三角洲
Edmonton,CA,1010899,Édmonton|埃德蒙顿
Etobicoke,CA,365000,
Gatineau,CA,300045,加蒂諾|加蒂诺市
Gloucester,CA,150012,
Greater Sudbury,CA,166004,大薩德伯里
Guelph,CA,143740,貴湖
Hamilton,CA,569353,哈密尔顿
Kamloops,CA,104460,坎卢普斯
Kelowna,CA,144576,基隆拿
Kingston,CA,132485,京士頓|金斯顿
Langley,CA,132603,蘭里市
Laval,CA,438366,拉瓦勒
Lethbridge,CA,103197,萊斯布里奇
London,CA,422324,伦敦
Markham,CA,338503,萬錦市
Mississauga,CA,717961,密西沙加
Nepean,CA,180000,
Oakville,CA,213759,奥克维尔
Oshawa,CA,175383,奧沙華
Ottawa,CA,1017449,渥太華
Ottawa South,CA,125090,
Red Deer,CA,100844,紅鹿市|红鹿市
Regina,CA,226404,Régina|里賈納|里贾纳
Richmond,CA,209937,列治文
Richmond Hill,CA,202022,列治文山|烈治文山
Saanich,CA,117735,沙尼治
Saguenay,CA,148886,薩格奈
Saint-Louis-de-Terrebonne,CA,119944,
Saskatoon,CA,266141,萨斯卡通
Sherbrooke,CA,129447,舍布碌|舍布魯克
St. Catharines,CA,136803,圣凯瑟琳斯
Surrey,CA,568322,素里
Terrebonne,CA,111575,
Thunder Bay,CA,108843,桑德贝
Toronto,CA,2794356,Torontó|多伦多|多倫多
Trois-Rivières,CA,144472,三河市
Vancouver,CA,662248,Vangúve|Wankuwér|溫哥華
Vaughan,CA,323103,旺市
Victoria,CA,289625,維多利亞
Waterloo,CA,104986,滑鐵盧
Whitby,CA,138501,惠特比
Windsor,CA,229660,温莎
Winnipeg,CA,749607,Winnipég|温尼伯
Halifax,CA,471559,
St. John's,CA,110525,Baile Sheáin|聖約翰斯
Québec,CA,531902,Cathair Québec|Kwébék|Kwébék Shehiri|Kébéc Vile|Kévek táva|Lungsod ng Québec|Québec-chhī|Québec-sṳ|Québecborg|Thành phố Québec|Ville de Québec|魁北克市
Lévis,CA,143414,利维
Sydney,CA,105968,悉尼
Orléans,CA,125937,
Uvira,CD,407092,
Mwene-Ditu,CD,189177,
Mbuji-Mayi,CD,2101332,姆布吉马伊
Lisala,CD,117464,
Kisangani,CD,1181788,Kisangáni|基桑加尼
Kindu,CD,234651,金杜
Kananga,CD,1247168,卡南加
Kamina,CD,200184,
Kalemie,CD,160961,卡萊米
Kabinda,CD,219396,卡宾达|卡賓達
Isiro,CD,255409,
Ilebo,CD,117245,
Goma,CD,432587,戈马
Gandajika,CD,208051,
Bunia,CD,399282,Búnya|布尼亞
Bumba,CD,154586,奔巴
Bukavu,CD,816811,
Bukama,CD,105530,
Beni,CD,140731,
Bakwa,CD,100575,
Tshilenge,CD,116073,
Lubumbashi,CD,2221925,Élisabethville|盧本巴希
Likasi,CD,635768,利卡西
Kipushi,CD,169635,基普希
Moanda,CD,128804,
Mbanza-Ngungu,CD,142773,
Mbandaka,CD,455011,Mbándáká|姆班达卡
Matadi,CD,425662,Matádi|马塔迪
Kinshasa,CD,16000000,Kinsásá|Léopoldville|金夏沙|金沙薩|雷堡城
Kikwit,CD,509367,基奎特
Inkisi,CD,115317,
Gemena,CD,197159,
Boma,CD,297009,Bóma|博馬|博马
Bandundu Province,CD,202904,Bandundu tartomány|班顿杜省
Masina,CD,485167,
Mwene,CD,295683,
Carnot,CF,129032,
Bimbo,CF,348802,
Berbérati,CF,103713,
Bégoua,CF,264067,
Bangui,CF,812407,班基
Pointe-Noire,CG,1032000,
Dolisie,CG,121000,多利西
Brazzaville,CG,1982000,布拉柴维尔
Zürich,CH,415367,Cürih|Lungsod ng Zürich|Sürix|Sŭ-là̤-sié|Tsürix|Zúric|Zúrich|Zürigh|Zürih|苏黎世|蘇黎世
Lausanne,CH,139111,洛桑
Genève,CH,201741,日内瓦
Bern,CH,121631,伯尔尼|伯恩|办合纳
Basel,CH,177595,Bázel|巴塞尔|巴塞爾|白才尔
Yamoussoukro,CI,275686,亚穆苏克罗|雅穆蘇克雷
Sinfra,CI,245226,
San-Pédro,CI,390654,San Pédro|聖佩德羅
Man,CI,241969,
Koumassi,CI,412282,
Korhogo,CI,440926,科霍戈
Gagnoa,CI,277044,加尼奧阿
Daoukro,CI,101136,
Daloa,CI,421871,達洛亞
Dabou,CI,138083,
Bouaké,CI,832371,布瓦凯
Bondoukou,CI,141568,邦杜庫
Abobo,CI,1340083,
Abidjan,CI,6321017,Abiyán|阿必仁|阿比让
Abengourou,CI,130810,阿本古鲁
Marcory,CI,214061,
Séguéla,CI,103980,
Bonon,CI,119938,
Viña del Mar,CL,334248,比尼亚德尔马
Valparaíso,CL,282448,Ciudad de Valparaíso|Dakbayan sa Valparaíso|Wǎěr pà lái suǒ|瓦尔帕莱索|瓦爾帕萊索
Valdivia,CL,133419,Ciudad de Valdivía|瓦尔迪维亚
Temuco,CL,238129,特木科
Talcahuano,CL,150499,塔爾卡瓦諾
Talca,CL,197479,塔爾卡
Santiago,CL,4837295,圣地亚哥|聖地亞哥
Renca,CL,147151,
Rancagua,CL,212695,兰卡瓜
Quilicura,CL,210410,基利库拉
Punta Arenas,CL,117430,蓬塔阿雷纳斯
Puerto Montt,CL,245902,蒙特港
Peñalolén,CL,241599,佩尼亞洛倫
Maipú,CL,503635,
La Serena,CL,154521,拉塞雷纳
Lampa,CL,102234,
Iquique,CL,199587,伊基克
Coronel,CL,107759,科羅內爾
Copiapó,CL,129280,科皮亞波
Concepción,CL,223574,康塞普西翁|康賽普西翁
Chillán,CL,150396,
Arica,CL,241653,阿列卡|阿里卡
Antofagasta,CL,401096,安托法加斯塔
San Pedro de la Paz,CL,121631,聖佩德羅德拉帕斯
La Pintana,CL,201178,拉平塔納
Lo Prado,CL,104316,洛普拉多
Villa Mercedes,CL,131936,
Yaoundé,CM,1299369,Jaúnde|Jánde|Yaundé|耶溫得|雅温得
Nkongsamba,CM,162309,
Ngaoundéré,CM,238196,恩冈代雷
Maroua,CM,314122,马鲁阿
Limbe,CM,131381,Limbé|林贝
Kumbo,CM,125124,
Kumba,CM,225046,
Kousséri,CM,139024,
Foumban,CM,130287,豐班
Edéa,CM,103861,Édéa|埃代阿
Ébolowa,CM,101363,
Douala,CM,1338082,Dóúala|杜阿拉
Buea,CM,140533,Buéa|布埃亞
Bertoua,CM,137993,贝尔图阿
Bamenda,CM,420445,巴门达
Bafoussam,CM,373268,巴富薩姆
Shache,CN,128145,
Lhasa,CN,118721,Lhásza|Lása|拉萨|拉萨市|拉薩|拉薩市
Wujiaqu,CN,154400,五家渠|五家渠市
Ürümqi,CN,3029372,Ürümchi|Ürümchi-sṳ|Ürümcsi|Ürümqi-chhī|Ürümçi|乌鲁木齐|乌鲁木齐市|烏魯木齊|烏魯木齊市|迪化
Hami,CN,246373,哈密地区|哈密市
Zoucheng,CN,277400,邹城市|鄒城市
Zigong,CN,1262064,Cê̤ṳ-góng|自貢|自貢市|自贡|自贡市
Shangqiu,CN,1536392,商丘|商丘市
Zhoucun,CN,122402,
Zhengzhou,CN,4253913,Chhiáng-chû-sṳ|郑州|郑州市|鄭州|鄭州市
Xinghua,CN,105918,
Zhaotong,CN,787845,昭通|昭通市
Zibo,CN,3129228,Cṳ̆-báuk|Truy Bác|淄博|淄博市
Zaozhuang,CN,899753,Chó-chng-chhī|枣庄市|棗荘市|棗莊
Zaoyang,CN,184509,
Zhongxiang,CN,108883,
Yinchuan,CN,1487579,Yínchuān|銀川|銀川市|银川|银川市
Qingzhou,CN,236406,
Yanzhou,CN,254788,
Yantai,CN,2227733,Yantái|烟台|烟台市|煙台市|煙臺
Yangzhou,CN,1584237,扬州市|揚州|揚州市
Xiuying,CN,290000,秀英
Xiulin,CN,122411,
Xinzhai,CN,100168,
Xinyang,CN,1230042,Xìnyáng|信阳|信阳市|信陽|信陽市
Xintai,CN,222459,
Xining,CN,1677177,Xīníng|西宁|西宁市|西寧|西寧市
Xindi,CN,175761,
Sanshui,CN,153714,三水
Xiazhen,CN,125667,
Xiantao,CN,239406,
Xi’an,CN,9600000,西安|西安市
Wuhan,CN,10392693,Bú-hàn-chhī|Vú-hon-sṳ|Vũ Hán|Ū-háng|武汉|武汉市|武漢|武漢市
Wuda,CN,129922,乌达|乌达区|巴音赛
Weifang,CN,2044028,Wéifāng|潍坊|潍坊市|濰坊
Wafangdian,CN,454338,
Tongzhou,CN,163326,T’ung-chou-ch’ü|通州
Tianjin,CN,11090314,Tianjín|天津|天津市
Chengtangcun,CN,105456,滕县|滕州|滕州市|程堂村
Tanggu,CN,535298,塘沽
Taiyuan,CN,4303673,Taiyüan-fu|Tajjüan|Tchaj-jüan|Thái Nguyên|Tái-nguòng|T’ai-yüan-shih|Yang-ch’ü|Yangkü|太原|太原市
Shouguang,CN,473620,
Huinong,CN,136570,惠农区
Tongchuanshi,CN,223603,銅川|銅川市|铜川市
Shijiazhuang,CN,3938513,石家庄|石家庄市|石家荘|石家荘市|石家莊|石家莊市
Shaoshan,CN,118000,韶山|韶山市
Shanghai,CN,24874500,上海|上海市|中国上海|沪
Shahecheng,CN,125132,
Rui’an,CN,927383,瑞安
Quzhou,CN,902767,Ch’ü|Ch’ü-chou|Ch’ü-hsien|Ch’ü-hsien-ch’eng|Čchü-čou|衢州|衢州市
Qujing,CN,1408500,Chiu-ch’ü-ching|Ch’ü-ching|Ch’ü-ching-hsien|Khúc Tĩnh|Kuóh-cêng|Kü-tsing-fu|Kütsing|Čchü-ťing|曲靖|曲靖市
Huai'an,CN,2494013,Huái'ān|淮安|淮安市
Qibao,CN,283352,七宝
Puqi,CN,132891,
Pulandian,CN,104277,普兰店
Pingxiang,CN,129843,萍乡
Pengpu,CN,152725,彭浦
Nianbo,CN,260184,海东市
Nanning,CN,3839800,南宁|南宁市|南寧|南寧市
Nanjing,CN,9314685,Nankín|Nanquín|南京|南京市
Nanchang,CN,2357839,南昌|南昌市
Mingshui,CN,114858,
Mentougou,CN,197772,门头沟
Wuchuan,CN,104168,吴川
Majie,CN,131696,马街
Macheng,CN,126366,Máchéng|麻城|麻城市
Puning,CN,874954,Liu-sha-hsü|普宁|普宁市|普寧|普寧市
Linxi,CN,100316,林西
Linshui,CN,109955,
Linqu,CN,299646,Lin-ch’ü|Lin-ch’ü-hsien
Beiliu,CN,199769,
Linfen,CN,959198,临汾|临汾市|尧都区|平阳|平阳府|臨汾|臨汾市
Lichuan,CN,120587,
Lianjiang,CN,100341,廉江
Leshan,CN,662814,乐山|乐山市|楽山市|樂山
Lengshuijiang,CN,115399,冷水江|冷水江市
Laohekou,CN,253112,Lǎohékǒu|老河口
Lanzhou,CN,3000000,兰州|兰州市|蘭州|蘭州市
Laiyang,CN,169594,
Kunming,CN,3855346,Yün-nan|Yünnanfu|昆明|昆明市
Kaiyuan,CN,198423,K’ai-yüan-hsien|开远
Kaifeng,CN,1451741,Keyféng shehiri|开封|开封市|開封|開封市
Jinzhou,CN,215386,
Jining,CN,1241012,Cá̤-nìng|Jǐníng|济宁|济宁市|済寧市|濟寗|濟寧
Jingzhi,CN,126703,
Jingling,CN,224871,
Jinan,CN,4335989,Cá̤-nàng|济南|济南市|済南|済南市|濟南|濟南市
Jieshou,CN,141993,界首|界首市
Huayin,CN,242488,
Huangzhou,CN,122563,
Daxing,CN,104904,大兴
Huainan,CN,1666826,淮南市
Hechuan,CN,377213,合川
Hengyang,CN,1075516,Xéngyang shehiri|衡阳市|衡陽|衡陽市
Hefei,CN,5050000,合肥|合肥市
Hangzhou,CN,9236032,杭州|杭州市
Hangu,CN,208369,
Haikou,CN,2873358,Hái-kháu-chhī|海口|海口市
Guli,CN,536000,
Guiyang,CN,3037159,Gói-iòng|貴陽|貴陽市|贵阳|贵阳市
Guangzhou,CN,16096724,Cantón|Fan-yü|Kóng-chû-sṳ|Puyün|P’an-yü|广州|广州市|広州|広州市|廣州|廣州市
Gaozhou,CN,292164,高州
Fuzhou,CN,3740000,Hók-ciŭ|Phúc Châu|福州|福州市
Ezhou,CN,193652,
Duyun,CN,198516,Dūyún|Tu-yün|Tu-yün-ch’eng|Tu-yün-hsien|Tu-yün-shih|都勻|都匀|都匀市
Daye,CN,347406,
Dawukou,CN,131880,
Datun,CN,110258,
Dalian,CN,4913879,Lü-ta|Lü-ta-shih|Lüda|Lüta|大连|大连市|大連|大連市|旅大
Yangchun,CN,153547,阳春
Chongqing,CN,7457599,Trùng Khánh|Yü-chou|重庆|重庆市|重慶|重慶市
Chengdu,CN,13568357,Chengdú|天府|成都|成都市
Chaohu,CN,138463,巢湖市
Changzhi,CN,699514,
Changsha,CN,3093980,長沙|長沙市|长沙|长沙市
Changle,CN,259161,
Boshan,CN,153596,
Bengbu,CN,972784,蚌埠|蚌埠市
Beijing,CN,18960744,Beixín|Báe̤k-gĭng|Béising|Pekín|Pequín|Péycing|北京|北京市
Shangyu,CN,770000,上虞|上虞区|上虞县|上虞市
Anqiu,CN,364208,
Jiangyou,CN,127225,
Yueyang,CN,991465,Jüe-jang|岳阳市|岳陽市
Yichun,CN,155762,伊春|伊春市
Xilin Hot,CN,120965,锡林浩特|锡林浩特市|阿巴哈纳尔旗
Ulanhot,CN,165846,Wangin Süm|乌兰浩特|乌兰浩特市|王爷庙
Tieling,CN,333907,Tiělíng|鉄嶺市|鐵嶺|铁岭|铁岭市
Sujiatun,CN,148113,
Siping,CN,555609,Sé-bìng|Sìpíng|Sìpíngjiē|四平|四平市|四平街
Shunyi,CN,117623,Shun-i-ch’ü|顺义
Shenyang,CN,7050000,Sím-iông-chhī|沈阳|沈阳市|瀋陽|瀋陽市
Panshan,CN,625040,
Liaoyang,CN,687890,辽阳市|遼陽|遼陽市
Kaiyuan,CN,112462,K’ai-yüan-chen
Jiupu,CN,123843,
Jishu,CN,103988,
Jinzhou,CN,604269,Kím-chiu-chhī|錦州|錦州市|锦州市
Jining,CN,258757,P’ing-ti-ch’üan|P’ing-ti-ch’üan-chen|平地泉镇|集宁|集宁区
Jiagedaqi,CN,135760,Jiāgédáqí|加格达奇区|加格達奇区|加格達奇區
Hulan Ergi,CN,265344,
Hohhot,CN,2350000,Hūhéhàotè|Suiyüan|呼和浩特|呼和浩特市|呼市
Harbin,CN,5242897,Cáp Nhĩ Tân|哈尔滨|哈尔滨市|哈爾濱
Beining,CN,152033,
Gongzhuling,CN,140909,
Fuyu,CN,138704,Fu-yü-chen|Fu-yü-hsien
Fuxin,CN,689050,阜新|阜新市
Fengcheng,CN,120514,
Dongling,CN,171454,
Datong,CN,1850000,Dàtóng|大同市
Dandong,CN,631973,丹东市|丹東|丹東市
Chengde,CN,449325,Chengdé|Sìng-dáik|承徳市|承德|承德市
Changchun,CN,4714996,長春|長春市|长春|长春市
Benxi,CN,987717,Pún-khe-chhī|本渓|本渓市|本溪|本溪市
Beipiao,CN,190315,
Bei’an,CN,436444,
Baotou,CN,2150000,Bāotóu|包头|包头市|包頭|包頭市
Anshan,CN,1450000,鞍山|鞍山市
Doilungdêqên,CN,137451,Duīlóngdéqìng Qū|东嘎
Gongheyong,CN,204881,共和涌
Tantou,CN,320304,潭头
Fenghuang,CN,370000,
Ordos,CN,1940653,鄂尔多斯市
Bole,CN,235585,Bólè|博乐|博樂
Liupanshui,CN,1320825,Lio̍k-poâⁿ-chúi-chhī|六盘水市|六盤水|六盤水市
Jianshui,CN,490000,碱水
Liuzhi,CN,138826,六枝
Bayan Nur,CN,1760000,巴彦淖尔市
Bao'an Centre,CN,120170,
Nossa Senhora de Fátima,CN,126000,花地瑪堂區
Santo António,CN,129800,聖安多尼堂區|花王堂區
Yopal,CO,168433,Marroquín|約帕爾
Villavicencio,CO,321717,比亚维森西奥
Valledupar,CO,490075,巴耶杜帕尔
Tunja,CO,172548,通哈
Sincelejo,CO,277773,辛塞萊霍
Santa Marta,CO,499192,
Riohacha,CO,188014,Ríohacha
Quibdó,CO,129237,基布多
Popayán,CO,318059,波帕扬
Pitalito,CO,135711,皮塔利托
Pereira,CO,467269,
Pasto,CO,392930,
Neiva,CO,357392,
Montería,CO,490935,
Medellín,CO,1999979,麦德林
Manizales,CO,434403,馬尼薩萊斯
Ibagué,CO,529635,伊瓦格
Girardot City,CO,107324,
Florencia,CO,168346,
Cúcuta,CO,777106,San José de Cùcuta|San José de Guacimal|库库塔
Cartagena,CO,914552,Cartagena das Índias|卡塔赫纳
Cali,CO,2392877,Cáli|卡利
Buenaventura,CO,432385,
Bucaramanga,CO,581130,布卡拉曼加
Bogotá,CO,7674366,Bógóta|Santafe de Bogotá|波哥大
Barranquilla,CO,1206319,Barrancas de San Nicolás|巴兰基亚|巴冷基也
Armenia,CO,304314,
San José,CR,335007,San José de Costa Rica|San José i Costa Rica|San Jozé|San Xosé|聖荷西
Santiago de Cuba,CU,555865,Santiago de Cúba|圣地亚哥-德古巴
Santa Clara,CU,250512,圣克拉拉
San Miguel del Padrón,CU,159273,
Sancti Spíritus,CU,127069,
Pinar del Río,CU,186990,
Matanzas,CU,146733,馬坦薩斯
Marianao,CU,134057,
Las Tunas,CU,203684,维多利亚-德拉斯图纳斯
Havana,CU,2163824,哈瓦那|夏灣拿
Holguín,CU,319102,奧爾金
Guantánamo,CU,272801,
Guanabacoa,CU,112964,
Fontanar,CU,178601,
Cienfuegos,CU,186644,西恩富戈斯
Ciego de Ávila,CU,142027,
Cerro,CU,132351,
Camagüey,CU,347562,
Bayamo,CU,192632,
Arroyo Naranjo,CU,210053,
Praia,CV,137868,Município da Praia|培亞
Willemstad,CW,125000,威廉斯塔德
Nicosia,CY,200452,An Leafcóis|Lefkosía|Nicoséa|Nicósia|Nikósie|Nikósía|Nikózia|尼科西亚|尼科西亞
Limassol,CY,154000,Lemesós|利马索尔
Prague,CZ,1165581,Prág|Prága|布拉格
Pilsen,CZ,168733,比尔森
Ostrava,CZ,279791,俄斯特拉發|奥斯特拉瓦
Liberec,CZ,102951,利贝雷茨
Brno,CZ,379466,Brünn|布爾諾
Witten,DE,101247,维滕
Wiesbaden,DE,278609,威斯巴登
Stuttgart,DE,630305,斯图加特
Salzgitter,DE,103866,薩爾茨吉特
Saarbrücken,DE,179349,Saarbrécken|Saarbrükken|Sárbrúch|沙卜勤|萨尔布吕肯|薩爾布呂肯
Potsdam,DE,182112,波茨坦
Munich,DE,1260391,Lungsod ng München|Mníchov|Myunxén|Múnic|Múnich|München|Münegh|Münhen|Münih|慕尼黑
Mülheim,DE,170921,Mülheim (Ruhr)|Mülheim an der Ruhr|Mülheim-on-Ruhr
Moers,DE,103487,默爾斯
Mainz,DE,217123,Magúncia|Mogúncia|美因茨
Magdeburg,DE,235775,马格德堡
Kiel,DE,246601,Kíl|基尔
Hannover,DE,515140,Hannóver|Hanofér|Hanóver|汉诺威|漢諾威
Hamm,DE,178967,哈姆
Hamburg,DE,1845229,汉堡|汉堡市|漢堡
Halle (Saale),DE,237865,
Fürth,DE,112025,菲尔特
Erfurt,DE,213692,Érfurt|埃尔福特
Düsseldorf,DE,620523,Düsseldörp|Düssldorf|杜塞尔多夫|調素多爾夫
Dresden,DE,556227,Drážďany|Drézdén|德累斯顿
Bremerhaven,DE,113557,Wesermünde|不来梅哈芬
Bremen,DE,546501,Bréma|Brémy|Brémén|不来梅
Berlin,DE,3426354,Beirlín|Berlín|Estat de Berlín|柏林
Djibouti,DJ,626512,Diobúití|Džíbútí|Xibutí|Ìlú Djibouti|吉布地市|吉布提城
Copenhagen,DK,1153615,Cóbanhávan|Koppenhága|Københámman|哥本哈根
Aalborg,DK,142937,Álaborg|奥尔堡
Santo Domingo,DO,2201941,Santo Domingo de Guzmán|聖多明哥
Santiago de los Caballeros,DO,1200000,聖地牙哥
San Pedro de Macorís,DO,217899,
San Francisco de Macorís,DO,124763,
Puerto Plata,DO,146000,聖斐利-銀港
Salvaleón de Higüey,DO,123787,Higüey
Punta Cana,DO,100023,
La Romana,DO,208437,羅馬納
La Vega,DO,102426,Concepción de La Vega|拉維加
San Cristóbal,DO,154040,
Santo Domingo Oeste,DO,701269,
Santo Domingo Este,DO,700000,
Touggourt,DZ,143270,图古尔特
Tlemcen,DZ,173531,Termicén|Tremecén|特莱姆森
Tizi Ouzou,DZ,104312,提济乌祖
Tiaret,DZ,178915,提亚雷特
Tébessa,DZ,194461,泰贝萨
Souk Ahras,DZ,153479,Szúk Ahrász|苏格艾赫拉斯
Skikda,DZ,182903,斯基克达
Sidi Bel Abbes,DZ,210146,西迪贝勒阿巴斯
Sétif,DZ,252127,塞提夫
Saïda,DZ,142497,塞伊达
Rouiba,DZ,117558,
Relizane,DZ,123255,
Ouargla,DZ,169928,瓦尔格拉
Oran,DZ,803329,Orán|瓦赫蘭
M'Sila,DZ,132975,
Mostaganem,DZ,162885,穆斯塔加奈姆
Médéa,DZ,145441,麦迪亚
Mascara,DZ,108629,穆阿斯凯尔
Laghouat,DZ,134372,艾格瓦特
Khenchela,DZ,114472,
Jijel,DZ,131513,Gíger|吉杰勒
Guelma,DZ,120004,盖勒马
Ghardaïa,DZ,142913,Ghardája|盖尔达耶
El Oued,DZ,186525,瓦德
El Eulma,DZ,145380,
Chlef,DZ,178616,Orléansville|谢利夫
El Achir,DZ,158333,
Djelfa,DZ,265833,
Constantine,DZ,448028,君士坦丁
Bou Saâda,DZ,111787,
Bordj el Kiffan,DZ,123246,
Bordj Bou Arreridj,DZ,158812,Bordj Bou Arréridj
Blida,DZ,331779,卜利达
Biskra,DZ,204661,比斯克拉
Béjaïa,DZ,176139,Bugía
Béchar,DZ,165241,Colomb-Béchar|贝沙尔
Batna City,DZ,289504,巴特纳
Baraki,DZ,105402,
Bab Ezzouar,DZ,275630,
Annaba,DZ,342703,Annába|安纳巴
Algiers,DZ,2364230,Algír|Alžír|Cathair na hAilgéire|阿爾及爾
Aïn Beïda,DZ,116064,
Santo Domingo de los Colorados,EC,458580,
Riobamba,EC,264048,里奧班巴
Quito,EC,2781641,基多
Portoviejo,EC,321800,波托維耶霍
Machala,EC,289141,馬查拉
Loja,EC,274112,洛哈
Latacunga,EC,205624,拉塔昆加
Ibarra,EC,221149,
Guayaquil,EC,2723665,瓜亞基爾
Esmeraldas,EC,218727,Volcán Chimborazo
Cuenca,EC,636996,昆卡
Ambato,EC,387309,安巴托
Tallinn,EE,394024,Talín|塔林
Zefta,EG,111700,Ziftá
Ţimā,EG,101130,
Tanta,EG,576648,
Ţalkhā,EG,112851,
Ţahţā,EG,134314,
Sohag,EG,266944,索哈傑
Sinnūris,EG,133532,
Shibīn al Kawm,EG,267945,
Samālūţ,EG,142009,
Rosetta,EG,301795,Ar-Rašíd|罗塞塔|羅塞塔
Qina,EG,252883,
Qalyub,EG,156363,
Mīt Ghamr,EG,153754,
Munūf,EG,125707,Ménouf
Marsá Maţrūḩ,EG,176498,
Manfalūţ,EG,117925,
Mallawī,EG,212628,
Maghāghah,EG,118223,
6th of October City,EG,368650,
Al ‘Āshir min Ramaḑān,EG,246148,Élʹ-Aşïr-mïn-Ramadan|斋月十日城|斋月市第十
Kirdāsah,EG,137588,
Kom Ombo,EG,409311,
Kafr ash Shaykh,EG,194569,
Kafr ad Dawwār,EG,128539,
Girga,EG,151256,
Esna,EG,462787,Latónpolis
Ḩalwān,EG,230000,Hélouan-les-Bains
Fāqūs,EG,116945,
Damietta,EG,305920,Dumját|杜姆亚特
Disūq,EG,149291,
Dikirnis,EG,101082,
Dayrūţ,EG,102570,
Damanhur,EG,318207,
Būsh,EG,136441,
Port Said,EG,780515,Port Saíd|Puerto Saíd|塞德港
Bilqās,EG,137080,
Bilbeis,EG,185237,Bilbéïs|比勒拜斯
Banī Suwayf,EG,273151,
Banī Mazār,EG,115759,
Banhā,EG,182254,
Zagazig,EG,430445,宰加济格
Assiut,EG,528669,
Aswān,EG,379774,Asszuán|Asuán|Aswán|阿斯旺
Suez,EG,699541,Súes|Süveyş|苏伊士|蘇伊士
As Sinbillāwayn,EG,124020,
Ashmūn,EG,124483,
Luxor,EG,422407,Lúxor|樂蜀
Cairo,EG,9606916,Kairó|Káhira|开罗|開羅
Minya,EG,283605,
Al Maţarīyah,EG,162045,
Al Manzalah,EG,127394,
Al Mansurah,EG,621953,
Al Maḩallah al Kubrá,EG,592573,
Giza,EG,4367343,Gizé|Gíza
Ismailia,EG,429465,Ismailía|Ismáílíja|Iszmáilija|伊斯梅利亚
Alexandria,EG,5263542,Aleixandría|Alejandría|Alexandría|亚历山大港|亞歷山卓|亞歷山大港
Al Ḩawāmidīyah,EG,155055,
Hurghada,EG,207132,洪加達
Al Fayyum,EG,519047,Fayún|Médinat el-Fayoum
Al Fashn,EG,112999,
Arīsh,EG,199243,Aríš|阿里什
Akhmīm,EG,151430,
Abū Tīj,EG,105418,
Abū Kabīr,EG,154466,
Abnūb,EG,111785,
New Cairo,EG,313139,
Laayoune,EH,196331,Aaiún|El Aaiún|El Aiún|El-Aaiún|O Aaiún|阿尤恩
Asmara,ER,563930,阿斯馬拉
Valencia,ES,824340,Valéncia|Vałénsia|Walénsiye|巴倫西亞|瓦伦西亚|瓦倫西亞|華倫西亞
Sevilla,ES,686741,Séville|Séwéliye|塞維亞|塞维利亚
Santa Cruz de Tenerife,ES,211359,Santa Cruz de Ténérife|圣克鲁斯-德特内里费
La Laguna,ES,150661,
Palma,ES,438234,帕爾馬
Murcia,ES,471982,Ciutat de Múrcia|Múrcia|穆尔西亚
Las Palmas de Gran Canaria,ES,383516,拉斯帕尔马斯
Zaragoza,ES,686986,萨拉戈萨
Gasteiz / Vitoria,ES,257407,Vitória
Valladolid,ES,300618,Valladolíd|Valladolís|巴利亚多利德
Terrassa,ES,218535,
Santander,ES,173635,Santandér|桑坦德
Santa Coloma de Gramenet,ES,118821,
Pamplona,ES,208243,Iruña|Iruñea|Lungsod ng Iruñea|潘普洛納
Oviedo,ES,220027,Uviéu|奥维耶多
Madrid,ES,3255944,Madríd|Mā-dáik-lī|馬德里|马德里
Logroño,ES,151164,Logroñu|洛格罗尼奥
L'Hospitalet de Llobregat,ES,257038,
Ciudad Lineal,ES,228171,ciudá Lineal|休达利内亚尔区
Chamartín,ES,140000,Chamartín de la Rosa|Chamartín distritu|Distrito Chamartín|查馬丁區
Barcelona,ES,1686208,Barselóna|巴塞罗那|巴塞隆納|巴薩隆拿
Warder,ET,450400,
Weldiya,ET,104000,沃尔迪亚|沃爾迪亞
Shashamane,ET,208400,Shashamané
Sebeta,ET,102300,
Nek’emtē,ET,156000,
Nazrēt,ET,456900,
Mek'ele,ET,457900,默克萊
Kombolcha,ET,132100,孔博勒查
Jimma,ET,250900,吉馬|吉马
Jijiga,ET,483000,吉吉加
Inda Silasē,ET,100100,
Hosa’ina,ET,188200,
Harar,ET,157000,哈勒尔
Gonder,ET,466000,貢德爾
Dire Dawa,ET,343000,Diré-Daoua
Dīla,ET,158800,
Dessie,ET,270400,德西
Bishoftu,ET,207400,
Debre Tabor,ET,125300,德佈雷塔博爾|德卜勒塔博爾|德布雷塔博尔
Debre Mark’os,ET,140700,
Debre Birhan,ET,146900,德伯勒伯爾漢|德保贝尔韩
Bahir Dar,ET,350000,巴赫達爾
Awasa,ET,422200,
Āsela,ET,139500,
Arba Minch,ET,201000,
Ārabī,ET,148933,
Addis Ababa,ET,3860000,Adís Abeba|阿迪斯阿貝巴
Ādīgrat,ET,121800,
Sodo,ET,204100,
Burayu,ET,101400,
Turku,FI,206655,Túrcú|图尔库|圖爾庫
Tampere,FI,260646,坦佩雷
Oulu,FI,216066,奥卢|奧盧
Lahti,FI,121622,拉赫蒂
Kuopio,FI,125462,庫奧皮奧
Jyväskylä,FI,148744,Jüväskülä|于韦斯屈莱
Helsinki,FI,658864,Heilsincí|Helsínquia|Xélsinki|Ḥélsinki|赫尔辛基|赫爾辛基
Villeurbanne,FR,131445,维勒班|维嘞合朋纳
Toulouse,FR,511684,Tólóza|圖盧茲|圖魯茲
Strasbourg,FR,274845,斯特拉斯堡
Rouen,FR,116331,Ruán|Rúðuborg|盧昂|鲁昂
Rennes,FR,227830,Rénn Shehiri|雷恩
Paris,FR,2138551,París|Paríž|Páras|Párizs|巴黎
Orléans,FR,116344,Orleañs|奥尔良|奧爾良
Nantes,FR,325070,南特
Montreuil,FR,111240,
Marseille,FR,877215,马赛
Lyon,FR,520774,León do Roine|Lió|Lión|里昂
Lille,FR,238695,里尔|里爾
Dijon,FR,159941,第戎
Bordeaux,FR,265328,Bordéus|波尔多|波爾多
Saint-Quentin-en-Yvelines,FR,146598,
Marne La Vallée,FR,318325,
Port-Gentil,GA,164018,让蒂尔港
Libreville,GA,846090,利伯維爾|利伯维尔
Franceville,GA,132895,弗朗斯维尔
Woking,GB,103932,沃金
West Bromwich,GB,135618,西布朗|西布罗米奇|西布羅米奇
Watford,GB,125707,沃特福德
Tottenham,GB,130000,托特納姆
Sutton Coldfield,GB,107030,萨顿科尔德菲尔德
Saint Peters,GB,125370,
Poole,GB,150092,普爾
Newcastle under Lyme,GB,129441,
Mansfield,GB,171958,曼斯菲爾德
London,GB,8961989,Lundúnir|伦敦|倫敦
High Wycombe,GB,133204,海威科姆|海韋甘比
Hastings,GB,133422,海斯廷斯
Gillingham,GB,101187,
Edinburgh,GB,514990,Dún Éideann|Édimbourg|爱丁堡
Eastbourne,GB,118219,伊斯特本
Crawley,GB,180508,克劳利
Colchester,GB,121859,科尔切斯特|科赤斯特|高車士打
Chesterfield,GB,113057,車士打菲特
Cheltenham,GB,116447,切尔滕纳姆|切爾滕納姆|卓特咸|車頓咸
Cardiff,GB,372089,加的夫
Burton upon Trent,GB,122199,特倫河畔伯頓
Brighton,GB,277103,布赖顿|白禮頓
Birkenhead,GB,325264,
Belfast,GB,348005,Béal Feirste|Bélfast|貝爾法斯特|贝尔法斯特
Basingstoke,GB,107642,貝辛斯托克|贝辛斯托克
Basildon,GB,144859,巴西爾登
Tbilisi,GE,1049498,Tiblíssi|Tíblisi|Tíflis|第比利斯
Rustavi,GE,128249,
Kutaisi,GE,135201,
Batumi,GE,186949,巴统
Twifu Praso,GH,100851,
Tema,GH,155782,特馬|特马
Tamale,GH,464316,
Takoradi,GH,389114,
Sekondi-Takoradi,GH,138872,Sékondi|塞康第─塔科拉迪
Obuase,GH,179604,
Medina Estates,GH,101207,
Kumasi,GH,2544530,库马西
Koforidua,GH,151255,科福里杜亞
Ho,GH,130701,
Cape Coast,GH,212426,海岸角
Ashaiman,GH,190972,奥巴西
Amanfrom,GH,119467,
Atsiaman,GH,202932,
Accra,GH,1963264,Aakrá|阿克拉
Serekunda,GM,340000,
Kamsar,GN,113350,Kakandé|Port-Kakandé
Nzérékoré,GN,226426,
Manéah,GN,194297,Manéa
Kindia,GN,161024,
Kankan,GN,221428,
Dixinn,GN,137287,
Conakry,GN,1928389,科納克里
Camayenne,GN,1871242,
Malabo,GQ,155963,Malabó|馬拉博
Bata,GQ,173046,巴塔
Pátra,GR,168034,Patrás|Pátrai|帕特雷
Lárisa,GR,146926,Lárissa
Irákleion,GR,137154,Heraclión|Herákleion|Héraklion|Iráclio|Irákleio|Iráklio|Iráklion|伊拉克利翁
Athens,GR,664046,Athén|Athénes|Athény|Athína|Athínai|Atény|Lungsod ng Athína|雅典
Thessaloníki,GR,317778,Ftohomána|Saloníki|Salónica|Solún|Tesalónica|Thessaloníkē|Þessalóníka|塞萨洛尼基
Totonicapán,GT,103952,
Quetzaltenango,GT,180706,克薩爾特南戈
Puerto Barrios,GT,100593,巴里奧斯港
Jutiapa,GT,145880,
Jalapa,GT,159840,
Escuintla,GT,156313,
Cobán,GT,212047,Santo Domingo de Cobán|科萬
Guatemala City,GT,994938,瓜地馬拉市
Chiquimula,GT,111505,Ciudad Prócer
Bissau,GW,439704,Bissá|Bisáu|São José de Bissáu|比紹|比绍
Georgetown,GY,235017,乔治敦|佐治城
Tsuen Wan,HK,318916,Ch’üan-wan|荃灣
Yuen Long San Hui,HK,200000,Yüan-lang-hsin-hsü|元朗|元朗新墟
Yuen Long Kau Hui,HK,169600,元朗墟|元朗旧墟|元朗舊墟
Yuen Long,HK,200000,Yuan-lang-hsü|元朗|元朗墟
Wong Tai Sin,HK,425235,黃大仙|黄大仙
Wan Chai,HK,166695,灣仔
Tuen Mun,HK,507900,屯門|屯门
Tsing Yi Town,HK,182100,青衣
Tseung Kwan O,HK,412900,
Tin Shui Wai,HK,282400,天水囲|天水围|天水圍
Tai Po,HK,274100,大埔|大埔墟
Sha Tin,HK,495200,沙田
Sham Shui Po,HK,431090,深水埗區
San Tung Chung Hang,HK,116000,新东涌坑|新東涌坑
Ma On Shan,HK,215200,馬鞍山|馬鞍山村|马鞍山|马鞍山村
Kwai Chung,HK,331600,葵涌
Kowloon City,HK,418732,九龍城|九龙城
Hong Kong,HK,7396076,香港
Aberdeen,HK,157400,香港仔
Fanling,HK,263200,
Victoria,HK,956800,
Tung Chung,HK,114100,东涌|東涌
Tegucigalpa,HN,850848,德古斯加巴|特古西加爾巴
San Pedro Sula,HN,801259,圣佩德罗苏拉
La Ceiba,HN,222055,拉塞瓦
Zagreb,HR,663592,Ságrab|Zagréb|Zágráb|Záhreb|萨格勒布|薩格勒布
Split,HR,149830,斯普利特
Rijeka,HR,107964,
Port-de-Paix,HT,306217,和平港
Port-au-Prince,HT,1234742,Porto Príncipe|Puerto Príncipe|太子港
Tigwav,HT,117504,
Pétionville,HT,283052,Ville de Pétion-Ville
Léogâne,HT,134190,Ville de Léogane|萊奧甘
Jacmel,HT,137966,Yáquimo|雅克梅勒
Delmas,HT,382920,
Les Cayes,HT,125799,萊凱
Cap-Haïtien,HT,134815,Guárico|海地角
Arcahaie,HT,130306,
Szeged,HU,160766,Tápé
Nyíregyháza,HU,117689,Nyírszőllős|Nyírszőlős|Níreďháza|尼賴吉哈佐
Miskolc,HU,154521,Bükkszentlászló|米什科尔茨
Debrecen,HU,202402,Debrecín|Hadházytelep|Hajdúszentgyörgy|Józsa|德布勒森
Székesfehérvár,HU,101600,Fehérvár|塞克什白堡
Pécs,HU,145347,Fünfkirchen|Magyarürügy|Málom|Nagyárpád|Rácváros|佩奇
Kecskemét,HU,109847,Hetény|Hetényegyháza|凯奇凯梅特
Győr,HU,129301,Gyirmót|Győrszentiván|Ménfőcsanak|Pinnyéd|杰尔
Budapest,HU,1741041,Budapésht|Búdaipeist|Búdapest|布达佩斯
Tebingtinggi,ID,117530,
Tanjungbalai,ID,183170,
Sunggal,ID,157914,
Rantauprapat,ID,103009,
Percut,ID,311063,
Perbaungan,ID,157174,
Pematangsiantar,ID,274838,
Padangsidempuan,ID,236217,
Medan,ID,2435252,棉蘭
Lhokseumawe,ID,196067,
Langsa,ID,194730,
Belawan,ID,102707,
Banda Aceh,ID,255029,Banda Achém|Kota Banda Acéh|班達亞齊
Yogyakarta,ID,373589,日惹
Weru,ID,139004,
Makassar,ID,1423877,
Timika,ID,142909,
Ternate,ID,204920,
Tegal,ID,282781,直葛
Tasikmalaya,ID,741760,
Tarakan,ID,249960,塔拉卡恩
Tanjung Pandan,ID,103062,
Bandar Lampung,ID,1166066,班達楠榜
Tangerang,ID,1912679,Dāng gé lǎng|坦格朗|當格朗
Surakarta,ID,526870,梭罗市|索罗
Surabaya,ID,2874314,泗水
Sukabumi,ID,360644,蘇加武眉
Sorong,ID,254294,
Singosari,ID,180740,
Singkawang,ID,246112,
Serang,ID,692101,
Sepatan,ID,118439,
Semarang,ID,1653524,三孖冷|三宝垄|三寶瓏
Sawangan,ID,165631,
Samarinda,ID,831460,沙馬林達
Salatiga,ID,201369,
Rengasdengklok,ID,201463,
Probolinggo,ID,246980,
Pontianak,ID,658685,坤甸
Plumbon,ID,167105,
Pekanbaru,ID,1085000,北干巴魯
Pekalongan,ID,317524,
Pasuruan,ID,212466,
Paseh,ID,126181,
Pasarkemis,ID,273659,
Parung,ID,123078,
Parepare,ID,160309,
Pangkalpinang,ID,216893,
Pamulang,ID,174557,
Pamanukan,ID,114290,
Palu,ID,373218,
Palopo,ID,190867,
Palembang,ID,1668848,Pelémbang|巨港|旧港
Palangkaraya,ID,293500,帕朗卡拉亚
Padang,ID,909040,巴東
Mojokerto,ID,141785,
Metro,ID,178381,
Mataram,ID,429651,馬塔蘭
Manokwari,ID,107325,曼諾瓦里
Manado,ID,451916,万鸦老|萬鴉老
Malang,ID,847182,瑪琅
Magelang,ID,121526,馬格朗
Madiun,ID,202544,
Loa Janan,ID,212816,
Lembang,ID,183130,
Lawang,ID,112540,
Kresek,ID,110182,
Kendari,ID,345107,肯達里
Kedungwuni,ID,117249,
Kediri,ID,235143,諫義里
Jombang,ID,126465,
Jambi City,ID,606200,
Jakarta,ID,8540121,Iacárta|勿礁維|勿礁维|巴达威亚|耶加達|雅加达|雅加達
Grogol,ID,100613,
Gorontalo,ID,198539,
Dumai,ID,331832,
Depok,ID,104527,
Depok,ID,2145400,Kota Dépok|德博|德博市
Denpasar,ID,725314,丹帕沙
Curug,ID,191406,
Citeureup,ID,214668,
Cirebon,ID,341980,井裡汶
Ciputat,ID,207858,
Cimahi,ID,590782,
Cileunyi,ID,111476,
Cileungsir,ID,288347,
Cilegon,ID,450271,
Cikampek,ID,145620,
Ciampea,ID,207212,
Bontang,ID,189968,
Bogor,ID,1127408,茂物
Blitar,ID,150371,
Bima,ID,161362,
Bengkulu,ID,373591,明古魯市
Bekasi,ID,2564940,勿加泗
Baubau,ID,161280,
Batu,ID,221714,
Batang,ID,136145,
Banjaran,ID,164952,
Banjar,ID,200970,
Bangil,ID,120551,
Bandung,ID,2444160,万隆|萬隆
Astanajapura,ID,148047,
Arjawinangun,ID,105845,
Ambon,ID,347288,安汶
Adiwerna,ID,134188,
Padalarang,ID,184182,
Cikupa,ID,174041,
Teluknaga,ID,128275,
Kupang,ID,442758,古邦
Merauke,ID,102351,馬老奇
Jayapura,ID,404004,查雅普拉
Batam,ID,1164352,巴淡島
Sukawati,ID,125470,
South Tangerang,ID,1404785,
Dublin,IE,1024027,Baile Átha Cliath|Ciudá de Dublín|Dublín|都柏林
Jerusalem,IL,971800,Gerüsalem|Iarúsailéim|Ià-lô-sák-lēng|Iâ-lō͘-sat-léng|Jerusalém|Jerusalén|Jeruzalém|Jeruzsálem|Jerúsálẹ́mù|Jórsalaborg|Jórsalir|Kudüs|Qüds|Xerusalén|Yerusalémi|Yérusalem|耶路撒冷
Tel Aviv,IL,432892,Tel Avív|特拉維夫|特拉维夫
Rishon LeTsiyyon,IL,258535,
Reẖovot,IL,149392,
Ramat Gan,IL,170822,拉馬干
Petaẖ Tiqva,IL,253529,Pétah Tiqvà|佩塔提克瓦
Netanya,IL,228204,Netánja|內坦亞|内坦亚
Kfar Saba,IL,110456,Kefár Saba|卡法薩巴
H̱olon,IL,196282,Jolón
Haifa,IL,285316,Haífa|海法
Bet Shemesh,IL,124957,
Bnei Brak,IL,214444,Bené Berak|Bené Beraq|Bené-Berac|Bné Beraq|貝內貝拉克|贝内贝拉克
Beersheba,IL,186600,Bersabée|Bersebá|Beér-Seva|贝尔谢巴
Bat Yam,IL,129012,巴特亚姆|巴特亞姆
Ashkelon,IL,144073,
Ashdod,IL,226838,Asdód|阿什杜德
Yelahanka,IN,116447,耶拉汉卡
Yavatmāl,IN,128175,
Yamuna Nagar,IN,217071,
Wardha,IN,113759,Vardhá|沃尔塔
Virār,IN,1222390,
Vijayawada,IN,1143232,Vidzsajavádá|维杰亚瓦达
Vidisha,IN,155951,毗底沙|維迪斯哈
Vellore,IN,484690,韦洛尔
Vejalpur,IN,121610,
Vasco da Gama,IN,100485,
Varanasi,IN,1164404,Benarés|瓦臘納西
Vadodara,IN,1822221,Vadódara|巴罗达|瓦多达拉|瓦多達拉
Uppal Kalan,IN,118259,
Unnāo,IN,161671,
Uluberiya,IN,235345,
Ulhasnagar,IN,516584,Ulhásnagar|乌尔哈斯讷格尔|烏爾哈斯訥格爾
Ujjain,IN,515215,Uddzsaín|乌贾因|烏賈因|鄔闍衍那
Udupi,IN,165000,乌杜皮|烏杜皮
Udgīr,IN,103550,
Udaipur,IN,451100,烏代浦
Ooty,IN,233426,
Tumkūr,IN,307359,
Thiruvananthapuram,IN,788271,特里凡得琅
Tonk,IN,165294,栋格|棟格|通克
Titāgarh,IN,127751,
Tiruvottiyūr,IN,249446,
Tiruvannamalai,IN,145278,
Tiruppur,IN,963173,蒂魯普
Tirupati,IN,295323,蒂鲁帕蒂
Tiruchirappalli,IN,1022518,Tiruccsirápalli|Tiruččiráppalli|蒂魯吉拉帕利
Tinsukia,IN,116322,
Thanjavur,IN,291067,Tandzsávúr|Taňčávúr|坦賈武爾|坦贾武尔
Thānesar,IN,155152,
Thāne,IN,1841488,塔那
Tambaram,IN,174787,塔姆巴拉姆
Tadpatri,IN,108171,
Tadepalligudem,IN,112655,
Surendranagar,IN,179628,
Surat,IN,4591246,苏拉特
Sultānpur,IN,110368,
Sūjāngarh,IN,183808,
Srinagar,IN,1206419,Šrínagar|斯利那加
Srikakulam,IN,137944,斯里加古兰|斯里加古蘭
Sonīpat,IN,289333,
Rajpur Sonarpur,IN,424368,
Siwān,IN,135066,
Sivakasi,IN,234704,西瓦卡西
Sītāpur,IN,164435,
Sirsa,IN,182534,西尔萨
Shimla,IN,173503,Simlá|西姆拉
Silchar,IN,178865,西尔恰尔
Sīkar,IN,244497,
Shyamnagar,IN,441956,
Shrīrāmpur,IN,226317,
Sholapur,IN,997281,
Shivpuri,IN,179977,斯希沃普里
Shivamogga,IN,322650,希莫加
Shillong,IN,143229,西隆
Siliguri,IN,515574,Silīgurí|西里古里
Shāntipur,IN,149983,
Shāhjānpur,IN,320434,
Seoni,IN,102343,
Sehore,IN,109118,塞霍雷
Secunderabad,IN,204182,塞康德拉巴德
Sawai Madhopur,IN,121106,瑟瓦伊馬托布爾|瑟瓦伊马托布尔
Satna,IN,282977,
Satara,IN,120195,
Sasarām,IN,147408,
Sāngli,IN,601214,
Sambalpur,IN,189366,萨姆巴尔普尔
Salem,IN,917414,Szálem|塞勒姆
Saharsa,IN,156540,萨哈尔萨|薩哈爾薩
Sahāranpur,IN,484873,
Saugor,IN,274556,
Roorkee,IN,103894,罗奥尔凯埃|羅奧爾凱埃
Rohtak,IN,374292,罗赫塔克
Robertsonpet,IN,162230,罗贝尔特索恩佩特|羅貝爾特索恩佩特
Rishra,IN,117014,
Rewāri,IN,143021,
Rewa,IN,235654,雷瓦
Rourkela,IN,273317,魯吉拉
Ratlām,IN,264914,
Rasapūdipalem,IN,1728128,
Rānīganj,IN,131261,
Ranebennur,IN,106406,
Ranchi,IN,1120374,Ráncsí|Ráňčí|蘭契
Rāmpur,IN,296418,
Rāmgundam,IN,452261,
Rāj-Nāndgaon,IN,163114,
Rājkot,IN,1390640,
Rajapalayam,IN,130442,
Rajamahendravaram,IN,376333,
Raipur,IN,1027264,Rájpur|賴布爾
Raigarh,IN,150019,賴格爾|赖格尔
Rāiganj,IN,170252,
Rāichūr,IN,234073,
Raebareli,IN,186433,拉埃巴雷利
Puruliya,IN,122533,
Puri,IN,200564,
Pune,IN,3124458,Puné|浦納|浦那
Punāsa,IN,350000,
Pudukkottai,IN,117630,普杜科泰
Proddatūr,IN,177797,
Port Blair,IN,112050,布萊爾港
Porbandar,IN,152760,博尔本德尔
Ponnāni,IN,105512,
Puducherry,IN,657209,Pondichéri|Pondichéry|Territoire de Pondichéry|本地治里|本地治里市
Pimpri,IN,1284606,
Pīlibhīt,IN,131008,
Phagwāra,IN,100146,
Patna,IN,1684297,巴特那
Patiāla,IN,446246,
Pathānkot,IN,174306,Pathánkót|伯坦果德|帕坦科特
Pātan,IN,133737,
Parbhani,IN,307170,帕尔巴尼
Panvel,IN,195373,潘韦尔
Panipat,IN,295970,
Pānihāti,IN,378705,
Palwal,IN,131926,帕尔瓦尔|帕爾瓦爾
Pallāvaram,IN,233984,
Pāli,IN,230075,
Palakkad,IN,132728,Pálakkát|帕拉卡德
Pālanpur,IN,141592,
Orai,IN,158265,
Ongole,IN,208344,奥恩戈莱|奧恩戈萊
Nizāmābād,IN,311152,
Neyveli,IN,179150,内伊韦利
New Delhi,IN,317797,Dillí|Nové Dillí|Nýja Delí|新德里
Navadwīp,IN,111123,
Narela,IN,800000,
Narasaraopet,IN,117489,纳拉萨拉奥佩特
Nāngloi Jāt,IN,205596,
Nandyāl,IN,211424,
Nandurbar,IN,111037,南杜尔巴尔|南杜爾巴爾
Nanded,IN,550564,楠代德
Nalgonda,IN,154326,纳尔戈恩达
Najafgarh,IN,1365000,納嘉夫嘎爾
Naihāti,IN,253221,
Nāgercoil,IN,224849,
Nagda,IN,103501,
Nāgaur,IN,105218,
Nagapattinam,IN,102905,
Nadiād,IN,225071,
Muzaffarpur,IN,354462,穆扎夫法尔普尔|穆扎夫法爾普爾
Murwāra,IN,221883,
Munger,IN,213303,
Muktsar,IN,116747,
Mothīhāri,IN,126158,
Morena,IN,200482,莫雷納|莫雷纳
Moga,IN,163397,
Mirzāpur,IN,220029,
Miryalaguda,IN,104918,
Meerut,IN,1223184,Mirát|密拉特
Medinīpur,IN,153349,
Mau,IN,246050,毛纳特班詹
Mathura,IN,330511,马图拉
Mormugao,IN,102345,
Mangaluru,IN,499487,Mangalúru|门格洛尔
Mangalagiri,IN,107197,芒格阿拉吉里
Mandya,IN,137358,曼迪亚|門迪亞|门迪亚
Mandsaur,IN,141667,曼德绍尔
Māler Kotla,IN,135424,
Malegaon,IN,481228,
Malappuram,IN,101386,馬拉普普拉姆|馬拉浦南|马拉普兰|马拉普普拉姆|马拉浦南
Mahesāna,IN,190753,
Chennai,IN,4681087,Madrás|Čennaí|清奈|金奈
Madhyamgram,IN,161126,马迪亚姆格拉姆
Madanapalle,IN,180180,馬達納帕利|马达纳帕尔莱
Machilīpatnam,IN,192827,
Ludhiana,IN,1618879,卢迪亚纳
Lucknow,IN,2472011,Laknaú|勒克瑙
Loni,IN,516082,
Lalitpur,IN,126475,勒利德布尔|勒利德布爾
Lakhīmpur,IN,140223,
Kurnool,IN,460184,卡努尔|卡努爾
Kumbakonam,IN,167155,库姆巴科纳姆
Kulti,IN,305405,
Krishnanagar,IN,145926,克里斯赫纳纳加尔
Kota,IN,1001694,科塔
Korba,IN,419146,
Kolhāpur,IN,549236,
Kolār,IN,138462,
Kishangarh,IN,154886,
Kishanganj,IN,105782,
Khurja,IN,105909,库尔贾|庫爾賈
Khargone,IN,116150,
Khardah,IN,128346,
Kharagpur,IN,219665,克勒格布爾
Khanna,IN,128137,卡納|卡纳
Khandwa,IN,200738,坎德瓦
Khammam,IN,196283,卡姆马姆
Katihar,IN,240838,
Kashipur,IN,103138,加希布尔|加希布爾
Karur,IN,234191,卡魯爾|卡鲁尔
Karnāl,IN,302140,
Kāraikkudi,IN,181851,
Kanpur,IN,2823249,
Kanhangad,IN,125564,
Kanchipuram,IN,221715,Káncsipuram|Káňčipuram|建志補羅|甘吉布勒姆|黃支
Kāmārhāti,IN,332965,
Kalyān,IN,1262255,
Kalol,IN,134426,
Kākināda,IN,384182,
Kaithal,IN,144915,凯塔尔|凱塔爾
Kānchrāpāra,IN,136954,
Jūnāgadh,IN,319462,
Jalandhar,IN,868929,Dzsálandhár|賈朗達爾|贾朗达尔
Jorhat,IN,126736,Sibságar
Jodhpur,IN,1056191,Dzsódhpur|Džódpur|焦特布尔
Jīnd,IN,167592,
Jhunjhunūn,IN,118473,
Jhānsi,IN,412927,
Jetpur,IN,118302,杰普尔
Jaunpur,IN,169572,乔恩普尔
Jāmuria,IN,160242,
Jamshedpur,IN,1339438,哲雪舖|賈姆謝德布爾|贾姆谢德布尔
Jamnagar,IN,600943,Dzsámnagar|Džámnagar|賈姆訥格爾|贾姆讷格尔
Jammu,IN,576198,Džammú|贾姆穆
Jālna,IN,285577,
Jalgaon,IN,460228,加爾岡
Jaipur,IN,3046163,齋浦爾|齋葡亞
Jahānābād,IN,103202,
Jagdalpur,IN,125463,贾格达尔普尔
Jagādhri,IN,124894,
Jabalpur,IN,1081677,贾巴尔普尔
Itārsi,IN,100574,
Indore,IN,1994397,印多尔
Imphal,IN,277196,
Ichalkaranji,IN,287353,伊切尔格伦吉
Hyderabad,IN,6993262,Hajdarábád|海得拉巴
Hugli,IN,177005,
Hubballi,IN,943788,
Hosūr,IN,229528,
Hosapete,IN,206167,霍斯佩特
Narmadapuram,IN,117988,霍斯杭格阿巴德
Hisar,IN,307024,希萨尔
Hinganghāt,IN,101805,
Hindupur,IN,151677,
Hindaun,IN,105452,欣道恩
Hazāribāgh,IN,153595,
Hāthras,IN,126882,
Hassan,IN,155006,哈桑
Haridwar,IN,186079,Haridvár|赫尔德瓦尔
Hardoī,IN,122635,
Howrah,IN,1027672,
Hanumāngarh,IN,155687,
Hālīsahar,IN,128172,
Haldwani,IN,139497,哈尔德瓦尼-丘姆-卡特戈达姆|哈爾德瓦尼-丘姆-卡特戈達姆
Hājīpur,IN,147688,
Hābra,IN,139297,
Gyānpur,IN,200000,
Gwalior,IN,1054420,
Guntur,IN,670073,Guntúr|Guntúru|貢土爾|贡土尔
Guntakal,IN,126270,贡塔卡尔
Guna,IN,180935,古納|古纳
Kalaburagi,IN,543147,古尔伯加
Gudivāda,IN,118167,
Gorakhpur,IN,1324570,
Gorakhpur,IN,674246,Górakhpur|戈勒克布尔|戈勒克布爾
Gondiā,IN,132813,贡迪耶
Gondal,IN,112197,
Gondā City,IN,133583,
Godhra,IN,143644,戈德拉|戈特拉
Giridih,IN,114533,
Ghazīpur,IN,103095,
Gaya,IN,474093,
Guwahati,IN,962334,Gauháti|古瓦哈提
Gangtok,IN,100286,甘托克
Gangavati,IN,114642,
Gangāpur,IN,120115,
Gandhinagar,IN,292797,
Gāndhīdhām,IN,247992,
Gadag,IN,172612,
Firozpur,IN,110313,
Fīrozābād,IN,306409,
Fatehpur,IN,166480,
Farrukhābād,IN,241152,
Fyzābād,IN,153047,
Etāwah,IN,257448,
Etah,IN,100000,
Erode,IN,521891,埃罗德
Durgapur,IN,518872,杜爾加布爾
Durg,IN,268806,杜尔格|杜爾格
Dam Dam,IN,122719,
Dombivali,IN,1247327,東比夫里
Dindigul,IN,292512,丁迪古爾
Dimāpur,IN,135860,
Dhaulpur,IN,133075,
Dharmavaram,IN,121874,
Dhamtari,IN,101677,
Dewas,IN,289550,德瓦斯
Deoria,IN,129570,德奥里亚
Delhi Cantonment,IN,110351,
Delhi,IN,11034555,Delhí|Delí|Dillí|Déhli|Šáhdžahanabád|德里
Dehradun,IN,522081,Déhrádún|德拉敦
Davangere,IN,435128,
Datia,IN,100284,
Dārjiling,IN,123797,大吉嶺
Darbhanga,IN,296039,达尔邦格阿|達爾邦格阿
Dinapore,IN,152940,
Damoh,IN,139561,达莫
Dohad,IN,118846,
Cuttack,IN,610189,克塔克
Kadapa,IN,344893,
Cuddalore,IN,173636,古达罗尔
Coimbatore,IN,2136916,Kojambuttúr|哥印拜陀
Kochi,IN,633553,Cochín|柯枝
Chūru,IN,120157,
Chittorgarh,IN,116406,吉多尔格尔|吉多爾格爾
Chitradurga,IN,145853,
Chilakalūrupet,IN,101398,
Chikmagalūr,IN,121484,
Chhindwāra,IN,175052,
Chhatarpur,IN,142128,切德尔布尔|切德爾布爾
Chāpra,IN,202352,恰普拉
Chas,IN,141640,恰斯
Chānda,IN,328351,Čandrapúr|錢德拉布爾|钱德拉布尔
Chandigarh,IN,970602,Čandígarh|昌迪加尔
Chanduasi,IN,112635,
Chandannagar,IN,180623,金德訥格爾|金德讷格尔
Kolkata,IN,4631392,Calcutá|Kalkútta|Kalküta|加尔各答|架利吉打
Buxar,IN,102861,
Burhānpur,IN,210886,
Būndi,IN,104919,
Bulandshahr,IN,198612,Bülendşehr|布兰德舍赫尔|布蘭德斯哈赫爾|布蘭德舍赫爾
Budaun,IN,161555,布道恩
Brahmapur,IN,356598,布拉赫马普尔
Borivli,IN,609617,包里瓦利
Mumbai,IN,12691836,孟买|孟買
Bilimora,IN,510879,
Bilāspur,IN,365579,
Bikaner,IN,644406,
Vijayapura,IN,327427,Bídzsápur|比贾布尔
Bihār Sharīf,IN,297268,
Bidar,IN,216020,比德爾
Bhusawal,IN,187421,
Bhubaneswar,IN,885363,
Bhopal,IN,1798218,Bhopál|Bópal|博帕尔
Bhiwāni,IN,196057,
Bhiwandi,IN,874032,Bhivándi|皮文迪
Bhind,IN,197585,宾德|賓德
Bhimavaram,IN,146961,
Bhilwara,IN,359483,
Bhilai,IN,627734,比萊
Bhetia,IN,174355,
Bhayandar,IN,809378,
Bhavnagar,IN,605882,巴夫那加尔
Bhātpāra,IN,483129,
Bathinda,IN,285788,巴廷達
Bharūch,IN,169007,
Bharatpur,IN,252838,婆罗多布尔|婆羅多布爾
Bhāgalpur,IN,400146,
Bhadreswar,IN,121662,
Bhadrāvati,IN,163903,
Bhadrak,IN,121338,巴德拉克
Betūl,IN,103330,Badnúr
Bettiah,IN,132209,貝特蒂亞|贝特蒂亚
Ballari,IN,410445,贝拉里
Belagavi,IN,490045,贝尔高姆
Beāwar,IN,151152,
Batāla,IN,158621,
Bastī,IN,115115,
Basirhat City,IN,143007,
Barshi,IN,118722,巴尔斯希|巴爾斯希
Barnāla,IN,116449,
Baripāda,IN,116849,
Bareilly,IN,745435,巴雷利
Barddhamān,IN,301725,
Bārāsat,IN,298127,
Bārān,IN,117992,
Bārākpur,IN,148174,
Bānswāra,IN,101017,
Bānsbāria,IN,108474,
Bānkura,IN,133966,
Bangaon,IN,111693,邦格阿奥恩
Bengaluru,IN,8495492,Bangalúr|Bengalúru|班加罗尔|班加羅爾
Bānda,IN,152218,
Bālurghāt,IN,153279,
Bāli,IN,296973,
Balasore,IN,144373,巴拉索尔
Baidyabāti,IN,115504,
Bahraigh,IN,182218,
Baharampur,IN,180547,巴哈拉姆普尔
Bahadurgarh,IN,170767,巴哈杜尔加尔|巴哈杜爾加爾
Bagalkot,IN,111933,Bágalakóte|巴加尔科特|巴嘎科特
Bagaha,IN,112634,
Badlapur,IN,174226,巴德拉普尔
Avadi,IN,345996,
Aurangābād,IN,102244,
Arrah,IN,261430,阿拉
Anantnag,IN,150592,阿嫩德納格|阿嫩德纳格
Anantapur,IN,267161,阿纳恩塔普尔
Amroha,IN,176253,
Amritsar,IN,1159227,Amritszár|阿姆利则|阿姆利則
Ambur,IN,114608,阿姆布尔
Ambattur,IN,466205,
Ambāla,IN,195153,
Ambarnath,IN,253475,
Alwar,IN,322568,阿尔瓦尔|阿爾瓦爾
Prayagraj,IN,1073438,安拉阿巴德
Alīgarh,IN,753207,
Akola,IN,428857,Akolá|阿科拉
Ajmer,IN,542321,Adžmér|Ádzsmír|阿杰梅尔
Aizawl,IN,293416,艾藻尔
Ahilyanagar,IN,367140,
Ahmedabad,IN,6357693,Ahmadábád|亞美達巴德|艾哈迈德堡|艾哈迈达巴德|阿哇|阿美達巴德
Agartala,IN,400004,阿加尔塔拉
Adoni,IN,184625,
Ādilābād,IN,118526,
Achalpur,IN,112311,阿恰尔普尔|阿恰爾普爾
Abohar,IN,145302,阿博赫尔
Haldia,IN,170695,
Maheshtala,IN,448317,
Soyībug,IN,104000,
Madhavaram,IN,119105,马达瓦拉姆
Greater Noida,IN,293908,大諾伊達|大诺伊达
Mohali,IN,166864,
Pithampur,IN,126200,
Airoli,IN,100000,
Vapi,IN,163630,
Noida,IN,293908,诺伊达
Bhiwadi,IN,104921,比瓦迪
Singrauli,IN,220257,辛格劳利
Jaigaon,IN,158664,
Lal Bahadur Nagar,IN,261987,
Malkajgiri,IN,150000,马尔卡杰吉里
Gajuwaka,IN,258944,加久瓦卡
Quthbullapur,IN,225816,库特布尔拉普尔|庫特布爾拉普爾
Serilingampalle,IN,150525,
Ashoknagar Kalyangarh,IN,111475,
Pimpri-Chinchwad,IN,1727692,Pimpri-Csincsvád|Pimprí-Čiňčvad|賓布里金傑沃德
Kumarapalayam,IN,195071,
Ramagundam,IN,242979,拉马古恩达姆
Nimach,IN,128561,
Thoothukudi,IN,410760,杜蒂戈林
Gadag-Betageri,IN,172813,
Rudrapur,IN,154554,鲁德拉普尔
Burāri,IN,146190,
Hashtsāl,IN,176877,
Kirāri Sulemānnagar,IN,283211,
Bhālswa Jahangirpur,IN,197148,
Deoli,IN,169122,
Mandoli,IN,120417,
Dalūpura,IN,154791,
Madhurampur Dehri,IN,137231,
Phusro,IN,185555,
Kurichchi,IN,123667,
Gundupālaiyam,IN,300104,
Kushinagar,IN,274403,
Amaravati,IN,103000,
Kanayannur,IN,851406,
Shahuwadi,IN,180322,
Dinapur Nizamat,IN,182429,
Sultan Pur Majra,IN,181554,
Ambala Sadar,IN,104974,
Raurkela Industrial Township,IN,216410,
Mango,IN,223805,
Umm Qaşr,IQ,107620,
Sīnah,IQ,128776,
Sāmarrā’,IQ,158508,
Qal‘at Sukkar,IQ,110000,
Kirkuk,IQ,1031000,Karkúk|Kerkük|Kirkúk|Kərkük|基爾庫克
Karbala,IQ,1218732,Karbalá|卡爾巴拉
Erbil,IQ,1612700,Irbíl|埃爾比勒省
Dihok,IQ,340900,Dahúk|Dəhük|達霍克
Baqubah,IQ,152550,Bakúba|巴古拜
Baghdad,IQ,7216000,Bagdá|Bagdád|巴格达|巴格達
Sulaymaniyah,IQ,878146,Sulejmánie|Süleymaniye|Süleymaniyyə
As Samawah,IQ,152890,Samáwa
Ramadi,IQ,223500,Ramádi|拉馬迪
Nasiriyah,IQ,558400,
Najaf,IQ,482576,納杰夫
Mosul,IQ,1683000,摩苏尔|摩蘇爾
Al-Kut,IQ,315162,Kút|Əl-Küt
Kufa,IQ,110000,Kúfa|库费
Nāḩiyat al Iskandarīyah,IQ,100600,
Al Hillah,IQ,455700,希拉
Basrah,IQ,1326564,Baçorá|巴士拉|巴斯拉
Al ‘Amārah,IQ,323302,Amaré
Al Diwaniyah,IQ,318801,Díváníja
Āzādshahr,IR,514102,
Shahre Jadide Andisheh,IR,116062,
Dezfūl,IR,264709,
Kamālshahr,IR,141669,
Zanjan,IR,357471,
Yazd,IR,477905,亚兹德
Tehran,IR,7153309,Teherán|德黑兰|德黑蘭
Tabriz,IR,1424641,Tabríz|大不里士
Sirjan,IR,207645,錫爾詹
Shiraz,IR,1249942,Siráz|設拉子
Shahr-e Kord,IR,129153,
Semnan,IR,124826,
Sari,IR,255396,Sarí|Szári|薩里市
Saqqez,IR,151237,薩蓋茲
Sanandaj,IR,349176,萨南达季
Sabzevar,IR,226183,薩卜澤瓦爾
Rasht,IR,594590,拉什特
Qom,IR,900000,库姆
Qazvin,IR,333635,Kazvín|Qazvín|加兹温
Qā’em Shahr,IR,204953,
Orūmīyeh,IR,577307,Urmía
Mashhad,IR,2307177,馬什哈德
Marāgheh,IR,262604,
Mahābād,IR,162434,
Khorramabad,IR,329825,
Kermanshah,IR,621100,Província de Kermanshah|克尔曼沙赫
Kerman,IR,577514,Kermán|克尔曼
Karaj,IR,1448075,卡拉季
Īlām,IR,140940,
Hamadān,IR,528256,
Gorgān,IR,244937,
Shahrud,IR,131889,
Bushehr,IR,165377,
Bojnūrd,IR,192041,
Bīrjand,IR,196982,
Bandar Abbas,IR,352173,Bandar Abbás|Bandar-Abbász|阿巴斯港
Ardabīl,IR,410753,
Arāk,IR,503647,
Ahvaz,IR,841145,Ahváz|阿瓦士
Abadan,IR,370180,Abadán|阿巴丹
Moḩammad Shahr,IR,119418,
Naz̧arābād,IR,119512,
Isfahan,IR,1547164,Isfahán|Iszfahán|伊斯法罕
Zahedan,IR,551980,Zahedán|扎黑丹
Fardīs,IR,181174,
Nasimshahr,IR,200393,
Reykjavík,IS,118918,Reykjavíkur|Réicivíc|雷克亞維克|雷克雅未克|雷克雅維克
Palermo,IT,648260,巴勒莫市
Cagliari,IT,149257,Cáller|卡利亚里|卡利亞里
Trieste,IT,204338,的里雅斯特|第里雅斯特
Trento,IT,120709,Trénto|特伦托
Turin,IT,847287,Torí|Turén|Turín|Tórínó|Türì|都灵
Rome,IT,2318895,An Róimh|Rím|Róm|Róma|罗马市|羅馬
Perugia,IT,120137,Pérouse|佩鲁贾
Naples,IT,909048,Naplés|Napólí|Nápoles|Nápols|Nápoly|那不勒斯
Milan,IT,1371498,Milán|Miláno|米蘭
Mestre,IT,147662,梅斯特雷
Genoa,IT,580097,Genúa|Génova|Xénova|热那亚
Florence,IT,367150,Floréncia|Florénsa|Flórans|Flórens|佛罗伦萨|翡冷翠
Bologna,IT,394843,博洛尼亚
Bari,IT,316491,巴里
Acilia-Castel Fusano-Ostia Antica,IT,129362,
Spanish Town,JM,145018,西班牙鎮
Portmore,JM,102861,
Kingston,JM,937700,京斯敦
Khuraybat as Sūq,JO,186158,
Irbid,JO,569068,伊爾比德
Zarqa,JO,792665,扎尔卡
As Salţ,JO,107874,
Amman,JO,1275857,Ammán|Amán|安曼
‘Ajlūn,JO,125557,
Russeifa,JO,268237,
Ṣuwayliḥ,JO,151016,
Yono,JP,102364,中央区
Yokohama,JP,3777491,横浜|横浜市|横滨市
Youkaichi,JP,112819,八日市市
Honmachi,JP,123067,八代市|本町
Yamaguchi,JP,193966,山口|山口市
Utsunomiya,JP,518757,宇都宮|宇都宮市
Urayasu,JP,171362,浦安市
Tsu,JP,274537,津|津市
Toyama,JP,415844,富山|富山市
Tottori-shi,JP,188465,鳥取|鳥取市
Tokyo,JP,9733276,Tokió|Tókýó|Tóquio|东京|東京|東京都
Tokuyama,JP,101133,
Tokushima,JP,267345,徳島|徳島市
Nishi-Tokyo-shi,JP,207388,保谷市|田無市|西東京|西東京市
Takamatsu,JP,418994,高松|高松市
Shizuoka,JP,693389,静岡|静岡市|靜岡市
Shinagawa,JP,422488,品川区
Shimonoseki,JP,265684,下关市|下関市
Minato,JP,375339,湊
Sandachō,JP,132858,三田町
Saga,JP,233301,佐賀|佐賀市
Ōtsu,JP,345070,Ócu|大津|大津市
Osaka,JP,2753862,Ósaka|Ószaka|大阪|大阪市
Okayama,JP,724691,岡山|岡山市
Ōita,JP,477715,Óita|大分|大分市
Niigata,JP,797591,新潟|新潟市
Nara-shi,JP,367353,奈良|奈良市
Naha,JP,317625,那覇|那覇市|那霸市
Nagoya,JP,2332176,名古屋|名古屋市
Nagasaki,JP,409118,長崎|長崎市|长崎市
Nagano,JP,372760,長野|長野市
Miyazaki,JP,401339,宮崎|宮崎市
Minamirinkan,JP,224015,南林間
Matsutō,JP,110408,
Matsue,JP,203616,松江|松江市
Maebashi,JP,332149,前橋|前橋市
Kyoto,JP,1463723,Kiotó|Kjóto|京都|京都市
Kumamoto,JP,738907,熊本|熊本市
Kofu,JP,189591,Kófu|甲府|甲府市
Kochi,JP,332059,高知|高知市
Kobe,JP,1525152,Kóbe|神戶|神户市|神戸|神戸市
Kawanishi,JP,155165,川西|川西市
Kashiwara,JP,120922,
Kanazawa,JP,466029,金沢|金沢市|金澤市
Kakogawachō-honmachi,JP,271634,加古川市|加古川町本町
Kagoshima,JP,595049,鹿儿岛市|鹿児島|鹿児島市
Izumisano,JP,100131,
Iwatsuki,JP,108833,岩槻
Hiroshima,JP,1200754,広島|広島市|廣島市
Gifu,JP,402557,岐阜|岐阜市
Fukuoka,JP,1612392,福岡|福岡市
Fukui-shi,JP,262328,福井|福井市
Aihara,JP,725493,相原
Shimotoda,JP,140899,下戸田
Wakayama,JP,356729,和歌山|和歌山市
Matsuyama,JP,511192,松山|松山市
Yamagata,JP,248772,山形|山形市
Sendai,JP,1096704,仙台|仙台市
Morioka,JP,290700,盛岡|盛岡市
Mito,JP,270685,水戸|水戸市
Katsuta,JP,155968,
Fukushima,JP,294237,福島|福島市
Chiba,JP,979768,千葉|千葉市
Akita,JP,307672,秋田|秋田市
Sapporo,JP,1973832,札幌|札幌市
Aomori,JP,298394,青森|青森市
Fujimino,JP,113597,
Nasushiobara,JP,115794,那須塩原|那須塩原市|那須鹽原市
Saitama,JP,1324854,
Kotō,JP,543730,江東区|湖東
Thika,KE,251407,
Ruiru,KE,490120,魯依魯
Ngong,KE,102323,
Nakuru,KE,570674,纳库鲁
Naivasha,KE,198444,奈瓦沙
Nairobi,KE,4397073,Nai-lo̍k-pí|Nairóbi|Nairóvi|Tó Sikʼaz|內羅比|内罗毕|奈洛比|賴羅比
Mwala,KE,181896,
Mombasa,KE,1208333,Mombása|蒙巴萨
Matuga,KE,194252,
Mandera,KE,114718,
Malindi,KE,119859,馬林迪|马林迪
Limuru,KE,159314,利穆魯
Ongata Rongai,KE,172569,
Kitale,KE,162174,基塔萊
Kisumu,KE,397957,基蘇木
Kisii,KE,112417,基西
Kikuyu,KE,323881,
Kiambu,KE,147870,
Khwisero,KE,113294,
Karuri,KE,194342,
Karuri,KE,194342,
Kakamega,KE,1867579,卡卡梅加
Jomvu,KE,163415,
Garissa,KE,163399,加里萨
Eldoret,KE,475716,埃爾多雷特
Kitengela,KE,154436,
Juja,KE,156041,
Mlolongo,KE,136351,
Osh,KG,322164,奧什
Jalal-Abad,KG,123239,賈拉拉巴德
Bishkek,KG,900000,比什凯克
Phnom Penh,KH,1573544,Phnom Pénh|Phnum Pénh|Phnum Pény|金边
Takeo,KH,843931,Takéo
Siem Reap,KH,139458,Siĕm Réab|Siĕmréab|暹粒市|暹粒省
Battambang,KH,119251,马德望
Wŏnsan,KP,329207,元山市
Ŭllyul,KP,107997,
Tŏkch’ŏn,KP,237133,
Songnim-ni,KP,152425,
Sinch’ŏn-ŭp,KP,141407,
Sariwŏn-si,KP,310100,沙里院|沙里院市
Pyongyang,KP,3222000,平壌|平壤|平壤市
P’yŏngsŏng,KP,100000,
Paech’ŏn-ŭp,KP,159825,
Namp’o,KP,455000,
Man’gyŏngdae-ri,KP,321690,
Kangsŏn,KP,102436,
Kangnyŏng,KP,106827,
Kaesŏng,KP,338155,开城特级市|開城|開城市
Kaech’ŏn,KP,319554,
Hŭngnam,KP,346082,
Hamhŭng,KP,559056,咸興市
Haeju,KP,222396,
Ch’ŏngdan-ŭp,KP,142607,
Chaeryŏng-ni,KP,125631,
Paek'ak,KP,125924,
Sinŭiju,KP,288112,新义州|新義州市
Sinp’o,KP,152759,
Manp’o,KP,116760,
Kanggye,KP,209530,江界|江界市
Hyesan,KP,192680,恵山市|惠山|惠山市
Chongjin,KP,327000,Tschiün-tschan|清津市
Changam-ch’on,KP,207299,
Yeoju,KR,111897,驪州市
Yangju,KR,179923,楊州市
Wŏnju,KR,332849,原州市
Ulsan,KR,1095014,蔚山|蔚山広域市
Uijeongbu-si,KR,479141,
Daejeon,KR,1470336,大田广域市|大田広域市
Daegu,KR,2365523,Daegu Kóng-he̍k-chhī|大邱广域市|大邱広域市|大邱廣域市
Suwon,KR,1191063,水原市
Seoul,KR,10349312,Seúl|Séoul|首尔|首尔特别市|首爾
Sangju,KR,101267,
Pyeongtaek,KR,364694,
Busan,KR,3343903,Busán|釜山|釜山市|釜山广域市|釜山広域市
Bucheon-si,KR,850731,
Osan,KR,238788,烏山市
Masan,KR,434371,
Gyeongju,KR,245365,慶州|慶州市
Gwangju,KR,1398538,Gwangju Kóng-he̍k-chhī|光州|光州市|光州广域市|光州広域市|光州廣域市
Guri-si,KR,195236,
Gunsan,KR,264656,群山市
Gunpo,KR,286485,
Kimhae,KR,531966,
Gimcheon,KR,150000,金泉市
Iksan,KR,307000,益山市
Incheon,KR,3039450,仁川广域市|仁川広域市|仁川廣域市
Icheon-si,KR,196230,
Hwaseong-si,KR,640890,
Chungju,KR,209483,忠州市
Chuncheon,KR,286124,春川|春川市
Jeonju,KR,629618,全州|全州市
Cheongju-si,KR,853938,
Cheonan,KR,658831,天安市
Chinju,KR,307242,晋州|晋州市
Jeju City,KR,488844,済州市|濟州|濟州市
Changwon,KR,1025702,昌原|昌原市
Anyang-si,KR,595644,
Ansan-si,KR,623256,安山|安山市
Andong,KR,153348,安东市|安東市
Donghae City,KR,101128,
Seongnam-si,KR,914832,
Hanam,KR,254415,
Hwado,KR,106358,
Gwangmyeong,KR,357545,光明市
Seogwipo,KR,178552,
Geoje,KR,232921,
Sejong,KR,394630,世宗
Jeongeup,KR,139876,井邑市
Ḩawallī,KW,164212,
Al Aḩmadī,KW,637411,
Şabāḩ as Sālim,KW,139163,
Zhanaozen,KZ,103598,
Oral,KZ,330000,烏拉爾
Karagandy,KZ,497777,
Atyrau,KZ,290700,阿特勞
Aktobe,KZ,500757,Aktioubé|Aqtóbe|阿克托比
Aktau,KZ,147443,阿克套
Zhezqazghan,KZ,104357,
Taraz,KZ,358153,塔拉兹
Turkestan,KZ,227098,Türkistan
Taldykorgan,KZ,116558,塔爾迪庫爾干
Shymkent,KZ,1200000,奇姆肯特
Semey,KZ,292780,塞米伊
Kyzylorda,KZ,354800,克孜勒奧爾達
Kostanay,KZ,210000,Kostanái|庫斯塔奈
Petropavl,KZ,200920,彼得罗巴甫尔
Pavlodar,KZ,329002,巴甫洛達爾
Ust-Kamenogorsk,KZ,319067,
Kokshetau,KZ,150649,科克舍套
Astana,KZ,345604,Astaná|Nur-Sultán|阿斯塔纳
Almaty,KZ,1977011,阿拉木圖
Vientiane,LA,196731,Vientián|Wyéntyan|万象|永珍
Savannakhet,LA,125760,Savannakhét|Svannakhét
Tripoli,LB,229398,Trípol|Trípoli|的黎波里
Sidon,LB,163554,Sidó|Sidón|Sydón|Szidón|赛达
Beirut,LB,1916100,Beirút|Bejrút|Béiriút|貝魯特|贝鲁特
Nabatîyé et Tahta,LB,120000,
Trincomalee,LK,108420,亭可馬里|亭可马里
Pita Kotte,LK,118179,
Negombo,LK,137223,內貢博|内贡博
Dehiwala-Mount Lavinia,LK,219827,代希瓦勒-芒特拉维尼
Moratuwa,LK,168280,莫拉圖瓦
Maharagama,LK,195355,馬哈拉賈馬
Sri Jayewardenepura Kotte,LK,115826,
Kandy,LK,111701,康提
Kalmunai,LK,100171,
Jaffna,LK,169102,賈夫納
Colombo,LK,648034,可倫坡|哥林堡
Monrovia,LR,1542549,Monróvia|蒙罗维亚|蒙羅維亞
Maseru,LS,359753,Maserú|馬些盧|马塞卢
Vilnius,LT,542366,Vilníus|Vilnüs|Wilñus|维尔纽斯
Klaipėda,LT,172292,Klaipéda|克莱佩达
Kaunas,LT,289380,考那斯
Riga,LV,742572,Ríga|Ríge|里加
Tobruk,LY,141499,Tobrúk|Tóbruch|图卜鲁格
Darnah,LY,102581,Dérna
Benghazi,LY,757490,Benghází|Bengázi|班加西
Al Bayḑā’,LY,129439,
Ajdabiya,LY,131773,Adzsdábija|Adžedábíja|艾季达比耶
Zliten,LY,203790,Zlitán|兹利坦
Tripoli,LY,1302947,Tripilí|Trípol|Trípoli|的黎波里
Tājūrā’,LY,100000,
Sirte,LY,106705,Gasr Zaafrán|苏尔特|蘇爾特|蘇特
Sabha,LY,149329,El-Gedíd|塞卜哈
Qaşr Bin Ghashīr,LY,100069,
Misratah,LY,355657,
Janzūr,LY,154389,
Zawiya,LY,186123,El-Hára
Az Zāwīyah,LY,200000,
Al Ajaylat,LY,130546,Agelát
Al Khums,LY,201943,胡姆斯
Al Jumayl,LY,102000,
Al Jadīd,LY,126386,El-Gedíd
Tangier,MA,1035141,Tánger|坦幾亞
Salé,MA,972299,
Rabat,MA,1655753,剌八|拉巴特
Oujda,MA,539711,乌季达
Marrakesh,MA,995871,Marrákes|马拉喀什
Ksar El Kebir,MA,138262,
Kenitra,MA,470949,Kénitra|蓋尼特拉
Guelmim,MA,129200,蓋勒敏
Al Fqih Ben Çalah,MA,111402,
Fes,MA,1191905,
El Kelaa des Srarhna,MA,103982,
El Jadida,MA,212863,Al-Džadída|杰迪代
Casablanca,MA,3665954,Dâr-ül-Beydâ|卡萨布兰卡
Beni Mellal,MA,210397,Béni Mellal|Béni-Mellal|貝尼邁拉勒
Agadir,MA,698310,Agádír|阿加迪尔
Ait Melloul,MA,187652,
Salé Al Jadida,MA,200000,
Tiraspol,MD,157000,Tiráspol|蒂拉斯波尔
Chisinau,MD,635994,Kiszyniów|基希讷乌
Bender,MD,110175,賓傑里
Bălţi,MD,125000,Municipalité de Bălţi
Podgorica,ME,236852,Podgairítse|波德戈里察
Toamasina,MG,345107,图阿马西纳
Toliara,MG,178725,Tuléar|圖利亞拉
Mahajanga,MG,260556,马哈赞加
Fianarantsoa,MG,203105,菲亞納蘭楚阿
Antsiranana,MG,136959,Diégo-Suarez
Antsirabe,MG,260907,安齐拉贝
Antananarivo,MG,1349501,Antananarívó|塔那那利佛|安塔那那利佛
Skopje,MK,474889,Escópia|Usküb|Üsküp|斯科普里
Sikasso,ML,349324,錫卡索
Ségou,ML,205787,Segú|Ségoukoro|塞古
Mopti,ML,186187,莫普提
Kayes,ML,194716,卡伊
Kalaban Koro,ML,148247,
Gao,ML,133110,加奥
Bamako,ML,4227569,Bamakó|巴馬科
Yenangyaung,MM,110553,
Yawnghwe,MM,188083,
Taungoo,MM,106945,
Thaton,MM,123727,
Dawei,MM,136783,土瓦
Taunggyi,MM,160115,東枝
Sittwe,MM,177743,实兑
Yangon,MM,4477638,Jangún|Ngióng-kông|Rangún|仰光
Pyay,MM,135308,卑謬市|卑謬鎮|卑谬镇
Bago,MM,244376,Pégou|勃固
Pakokku,MM,126938,
Myingyan,MM,141713,敏建
Mu-se,MM,165022,
Mawlamyine,MM,438861,毛淡棉
Monywa,MM,182011,蒙育瓦
Möng Yang,MM,117108,
Mingaladon,MM,136000,
Myeik,MM,173298,丹老
Meiktila,MM,177442,
Pyin Oo Lwin,MM,117303,
Mandalay,MM,1208099,曼德勒
Lashio,MM,131000,腊戍|臘戍
Kyauktan,MM,132765,
Kyaukpyu,MM,180000,皎漂
Kēng Tung,MM,171620,
Kalemyo,MM,348573,
Insein,MM,247675,
Hinthada,MM,134947,興實達|軒化達
Pathein,MM,237089,勃生
Ann,MM,119714,
Set Ka Lay,MM,111514,
Nay Pyi Taw,MM,925000,
Hlaingthaya,MM,687867,
Mingala Tangnyunt,MM,132494,
Ulan Bator,MN,844818,Da Hüryee|Ulanbátar|Ulán Bator|Ulánbátor|乌兰巴托|库伦|库倫
Taipa,MO,112051,氹仔
Macau,MO,649335,Makaó|Màkáù|Ó̤-muòng|澳門|澳门
Nouakchott,MR,1184530,Núaksjott|努瓦克肖特|或索
Nouadhibou,MR,146048,Nuadibú|Port-Étienne
Vacoas,MU,115289,
Port Louis,MU,155226,路易港
Beau Bassin-Rose Hill,MU,111355,
Male,MV,103693,Malé|瑪律|馬累|马累
Mzuzu,MW,249564,姆祖祖
Lilongwe,MW,1115815,Lilongüe|Lílongve|利隆圭|里朗威
Blantyre,MW,902588,布兰太尔
Zumpango,MX,280455,
Yautepec,MX,105780,
Xochimilco,MX,442178,Delegación Xochimilco
Villahermosa,MX,353577,比亚埃尔莫萨
Gustavo Adolfo Madero,MX,1185772,
Tuxtla,MX,604147,Tochtlan Gutiérrez|Tuxtla Gutiérrez|图斯特拉古铁雷斯
Toluca,MX,489333,托卢卡
Tlalpan,MX,574577,Delegación Tlalpan
Tlalnepantla,MX,653410,特拉尔内潘特拉
Tláhuac,MX,305076,Delegación Tláhuac
Teziutlan,MX,103583,Teziutlán
Cuautitlán Izcalli,MX,555163,
San Pablo de las Salinas,MX,156191,
Tuxtepec,MX,159452,圣胡安包蒂斯塔图斯特佩克|聖胡安包蒂斯塔圖斯特佩克
Puebla,MX,1692181,Puebla de los Ángeles|普埃布拉
Poza Rica de Hidalgo,MX,185242,波萨里卡|波薩里卡
Playa del Carmen,MX,149923,普拉亞德爾卡曼
Pachuca de Soto,MX,256584,帕丘卡
Oaxaca,MX,255029,Huaxyacac Juárez|Oaxaca de Juárez|Oaxaka de Juárez|瓦哈卡市
Nuevo Laredo,MX,416055,新拉雷多
Miramar,MX,118614,
Mérida,MX,1201000,Ciudad de Mérida|Mérida i Yucatán|梅里达|梅里達
Heroica Matamoros,MX,510739,
Magdalena Contreras,MX,238431,
Jiutepec,MX,215357,
Xalapa de Enríquez,MX,424755,Jalapa Enríquez|Xalapa-Enríquez
Iztapalapa,MX,1835486,Delegación Iztapalapa|伊斯塔帕拉帕
Iztacalco,MX,384326,Delegación de Ixtacalco
Cuernavaca,MX,338650,庫埃納瓦卡
Delegación Cuajimalpa de Morelos,MX,160491,
Coyoacán,MX,614447,
Córdoba,MX,204721,科爾多瓦
Coatzacoalcos,MX,310698,夸察夸爾科斯
Ciudad Victoria,MX,332100,維多利亞城
Ciudad Nezahualcoyotl,MX,1077208,Cd. Nezahualcóyotl|Ciudad Netzahualcóyotl|Ciudad Nezahualcóyotl|Netzahualcóyotl|Nezahualcóyotl|Ranchería Netzahualcóyotl
Mexico City,MX,12294193,Cidade de México|Cidade do México|Ciudad de Méjico|Ciudad de México|Lungsod ng México|Mexíkóborg|México|México Distrito Federal|Valle de México|墨西哥城
Ciudad del Carmen,MX,191238,卡門城
Cholula,MX,292881,San Andrés Cholula|乔卢拉|喬盧拉
Chilpancingo,MX,187251,
Chetumal,MX,169028,切图马尔
Cancún,MX,888797,Ciudad Cancún|坎昆|港觀
Campeche,MX,220389,
Azcapotzalco,MX,414711,
Acapulco de Juárez,MX,658609,Acapolco Juárez|Akapúlkó|阿卡普尔科
Tepexpan,MX,102667,
Benito Juarez,MX,355017,Benito Juárez
Miguel Hidalgo,MX,372889,Delegación Miguel Hidalgo
Cuauhtémoc,MX,531831,
Huixquilucan,MX,124846,
Ojo de Agua,MX,386290,
Buenavista,MX,216776,
Zacatecas,MX,129011,萨卡特卡斯
Ciudad de Villa de Álvarez,MX,117600,
Tepic,MX,332863,特皮克
Santa Catarina,MX,304052,
San Nicolás de los Garza,MX,412199,San Nicolás de los Garsas|San Nicolás de los Garzas|聖尼古拉斯市
San Miguel de Allende,MX,174615,圣米格尔-德阿连德|聖米格爾-德阿連德|聖米格爾德阿連德
San Luis Potosí,MX,722772,Altepetl San Luis Potosí|San Luis Potosí City|圣路易斯波托西市
Cabo San Lucas,MX,202694,Mys svätého Lukáša|卡布聖盧卡斯|卡波圣卢卡斯|卡波聖盧卡斯
San José del Cabo,MX,136285,
Saltillo,MX,709671,萨尔蒂约
Rosarito,MX,100660,
Santiago de Querétaro,MX,1594212,Querétaro|Querétaro City|Santiagu di Querétaro|克雷塔罗
Puerto Vallarta,MX,224166,Las Peñas|巴亚尔塔港|巴亞爾塔港
Piedras Negras,MX,150178,
Morelia,MX,743275,莫雷利亚
Monterrey,MX,1135512,Monterrey i Nuevo León|蒙特雷
Mexicali,MX,1032686,墨西卡利
La Paz,MX,250141,
Nogales,MX,264782,諾加萊斯
Hermosillo,MX,812229,埃莫西约
Guadalajara,MX,1385629,瓜达拉哈拉
Victoria de Durango,MX,518709,杜兰戈
Culiacán,MX,808416,Culiacán Rosales|库利亚坎
Colima,MX,146965,
Ciudad Delicias,MX,148045,德利西亚斯|德利西亞斯
Ciudad Acuña,MX,216099,Acuña|Lungsod ng Acuña|Villa Acuña|阿庫尼亞
Chihuahua,MX,925762,奇瓦瓦市|芝華華市
Apatzingán,MX,102362,阿帕欽甘
Aguascalientes,MX,722250,阿瓜斯卡连特斯
Maran,MY,111056,
Kuala Kubu Baharu,MY,194387,新古毛
Batu Pahat,MY,156236,
Kampung Pasir Gudang Baru,MY,145639,
Pasir Gudang,MY,534659,巴西古当
Kampung Larkin Lama,MY,500000,
Pelentong,MY,583640,
Masai,MY,141730,
Johor Bahru,MY,858118,新山
Kluang,MY,323762,
Muar,MY,314776,麻坡
Kapar,MY,269627,加埔区|加埔區
Shah Alam,MY,740750,沙亞南|莎阿南
Klang,MY,240016,巴生|巴生市
Kota Kinabalu,MY,500421,亞庇
Lahad Datu,MY,105622,拿笃
Sandakan,MY,439050,Sân-tá-kîn|山打根
Tawau,MY,372615,斗湖
Kulim,MY,170889,
Taiping,MY,217647,太平
Ipoh,MY,759952,Yî-pó-sṳ|怡保
Kuala Terengganu,MY,426500,瓜拉登嘉楼
Malacca,MY,579000,马六甲
Seremban,MY,372917,双溪乌绒|芙蓉市|花城
Sepang,MY,212050,雪邦
Butterworth,MY,107591,北海|北海槟城
Bukit Mertajam,MY,212329,大山脚|大山腳
Tasek Glugor,MY,135786,打昔牛汝莪
Bayan Lepas,MY,130455,
George Town,MY,158336,乔治市|喬治市
Rawang,MY,199095,万挠
Sungai Buloh,MY,222858,
Kuala Lumpur,MY,1453975,Kúala Lúmpúr|吉隆坡
Setapak,MY,353268,
Batu Caves,MY,254083,
Ampang,MY,126285,安邦
Kuantan,MY,548014,关丹
Sitiawan,MY,156234,
Teluk Intan,MY,232800,安顺|安顺市
Sungai Petani,MY,544851,
Pasir Puteh,MY,137400,
Kuala Krai,MY,105007,
Kuching,MY,402738,古晉
Sibu,MY,198239,詩巫
Alor Setar,MY,417800,Yàluó Shìdǎ|亚罗士打|亞羅士打
Kota Bharu,MY,568900,Kô-tá-ha̍p-lû-sṳ|哥打巴鲁
Bintulu,MY,151617,民都魯|民都鲁
Miri,MY,300543,美里
Seri Kembangan,MY,130252,
Sentul,MY,100000,
Puchong,MY,375181,
Kampung Kangkar Teberau,MY,412373,
Kampung Sungai Glugur,MY,145600,
Kampung Sungai Ara,MY,140849,
Ijok,MY,100899,
Kampung Baru Subang,MY,833571,
Cheras,MY,135823,蕉賴
Kota Kuala Muda,MY,544984,
Bercham,MY,150000,
Seri Manjung,MY,100000,斯里曼絨|斯里曼绒
Selayang Baru Utara,MY,542409,
Iskandar Puteri,MY,575977,依斯干达公主城
Kajang,MY,236240,加影
Bukit Bintang,MY,120529,
Kota Damansara,MY,500000,
Taman Petaling,MY,423062,
Wangsa Maju,MY,215600,
Perling,MY,101263,
Mukim Pulai,MY,505661,蒲來
Bandar Mahkota Cheras,MY,100000,
Paya Terubong,MY,226712,Lóng-bué|垄尾|壟尾
Setia Alam,MY,150000,
Bandar Bukit Raja,MY,146534,
Bukit Rahman Putra,MY,607000,
Bandar Tasik Puteri,MY,150000,
Titiwangsa,MY,122096,
Bandar Seri Alam,MY,220000,
Bandar Utama,MY,200000,
Bukit Jalil,MY,200000,
Xai-Xai,MZ,154356,賽賽
Mocuba,MZ,196001,莫庫巴
Tete,MZ,357000,太特
Ressano Garcia,MZ,110000,
Quelimane,MZ,349842,克利馬內
Pemba,MZ,232932,彭巴
Nampula,MZ,770379,楠普拉
Nacala,MZ,239808,
Maxixe,MZ,126408,馬希謝
Matola,MZ,1198988,
Maputo,MZ,1254837,Mapútó|马普托
Mandimba,MZ,118922,
Lichinga,MZ,281341,利欣加
Gurúè,MZ,168971,Gurué|古魯埃|古鲁埃
Chimoio,MZ,422046,希莫尤
Beira,MZ,687764,贝拉
Angoche,MZ,104540,António Enes|Vila de António Enes|安戈謝
Windhoek,NA,386219,温得和克|溫得和克|溫荷克
Zinder,NE,318874,津德尔
Tahoua,NE,159468,塔瓦
Niamey,NE,1323691,Níamey|尼亞美
Maradi,NE,361702,
Agadez,NE,149549,阿加德茲
Zaria,NG,980000,扎里亚
Yola,NG,460000,約拉
Yenagoa,NG,365000,
Uyo,NG,436606,
Uromi,NG,108608,乌罗米
Umuahia,NG,370000,乌穆阿希亚
Sokoto,NG,1040000,Sókótó|索科托
Port Harcourt,NG,2120000,哈科特港
Pindiga,NG,106322,
Owerri,NG,545000,奧韋里
Osogbo,NG,645000,
Nsukka,NG,111017,
Nkpor,NG,103733,
Modakeke,NG,119529,
Minna,NG,425000,明納
Makurdi,NG,390000,马库尔迪
Maiduguri,NG,1110000,邁杜古里
Lekki,NG,401272,
Lafia,NG,127236,
Katsina,NG,670000,Kàtsínà|卡齐纳
Kano,NG,4910000,Kánò|卡諾
Kaduna,NG,1850000,Kàdúná|卡杜納
Jos,NG,1040000,乔斯
Jalingo,NG,117757,
Irewe,NG,139494,
Inisa,NG,164161,
Ilorin,NG,1080000,伊洛林
Ikeja,NG,313196,
Ibadan,NG,3649000,Ibadán|伊巴丹
Gusau,NG,226857,
Gombe,NG,560000,
Esuk Oron,NG,112033,
Enugu,NG,950000,Enúgwu|Ẹnúgu|埃努古
Ebute Ikorodu,NG,535619,
Calabar,NG,540000,卡拉巴尔
Birnin Kebbi,NG,108164,
Benin City,NG,1782000,Benínborg|Bénin|Ciudad de Benín|Ìlú Benin|贝宁城
Bauchi,NG,693700,包奇
Awka,NG,167738,Óká|奧卡
Amaigbo,NG,127300,
Aliayabiagba,NG,228000,
Akure,NG,730000,Àkúrẹ́|阿庫雷
Ado-Ekiti,NG,435000,
Abuja,NG,2690000,Abùjá|阿布賈|阿布贾
Abeokuta,NG,735000,Abẹ́òkúta|阿贝奥库塔
Abakaliki,NG,134102,阿巴卡利基
Obalende,NG,342000,
Alimosho,NG,308290,
Akowonjo,NG,308900,
Chakwama,NG,200000,
Matagalpa,NI,109089,
Masaya,NI,130113,馬薩亞
Managua,NI,973087,Manágua|馬拿瓜|馬納瓜
León,NI,144538,莱昂
Chinandega,NI,126387,
Zwolle,NL,129840,兹沃勒
Zoetermeer,NL,115845,
Zaanstad,NL,140085,
Utrecht,NL,376435,乌得勒支|烏德勒支
Tilburg,NL,221947,蒂尔堡
's-Hertogenbosch,NL,160783,
Rotterdam,NL,868135,Rottérdam|Róterdam|Róterdan|鹿特丹
Nijmegen,NL,177359,奈梅亨
Maastricht,NL,122378,马斯特里赫特
Leiden,NL,119713,莱顿
Leeuwarden,NL,124481,吕伐登
Hoofddorp,NL,132734,
Haarlem,NL,162543,哈勒姆
Groningen,NL,244807,格罗宁根
Enschede,NL,153655,恩斯赫德
Eindhoven,NL,235691,埃因霍温|燕豪芬
Dordrecht,NL,119260,
Breda,NL,184126,Bréda|布雷达|布雷達
Arnhem,NL,162424,Arném|阿纳姆
Apeldoorn,NL,136670,阿珀尔多伦
Amsterdam,NL,741636,Amstelodhámon|Amstérdam|Ámsterdan|阿姆斯特丹
Amersfoort,NL,139914,
Almere Stad,NL,176432,
Trondheim,NO,216518,Þrándheimur|特隆赫姆
Stavanger,NO,148682,
Oslo,NO,1082575,Osló|奥斯陆|奧斯陸
Kristiansand,NO,117237,克里斯蒂安桑
Drammen,NO,105042,德拉门
Bergen,NO,294029,卑爾根
Pokhara,NP,600051,博克拉
Pātan,NP,299283,
Lahān,NP,102955,
Kathmandu,NP,1442271,Katmandó|Katmandú|Káthmandu|加德滿都
Janakpur,NP,195438,賈納克布爾
Hetauda,NP,195951,黑道達
Dharān,NP,173096,
Dhangaḍhi̇̄,NP,204788,
Butwāl,NP,195054,
Birgañj,NP,268273,
Biratnagar,NP,244750,比拉德訥格爾
Bharatpur,NP,369377,婆罗多布尔|婆羅多布爾
Birendranagar,NP,154886,比蘭德拉納加爾
Nepalgunj,NP,166258,
Madhyapur Thimi,NP,119955,
Wellington,NZ,381900,Hiê-lìng-dóng|威靈頓|惠灵顿
Manukau City,NZ,362000,
Lower Hutt,NZ,113400,下哈特
Hamilton,NZ,189700,哈密尔顿
Dunedin,NZ,131800,但尼丁
Christchurch,NZ,412000,克赖斯特彻奇|基督城
Auckland,NZ,1530500,奧克蘭都會區
Sohar,OM,108274,Suhár|苏哈尔
Şalālah,OM,163140,
Şaḩam,OM,140000,
Muscat,OM,797000,Múskat|馬斯喀特|马斯喀特
‘Ibrī,OM,163473,
Bawshar,OM,383257,
As Suwayq,OM,107143,
Seeb,OM,470878,Szíb|Síb|锡卜
Rustaq,OM,120000,Qal‘at Kasrá
Panamá,PA,408168,Ciudad de Panamá|Ziudá de Panamá|巴拿馬城
Juan Díaz,PA,100636,
Trujillo,PE,919899,特鲁希略
Pucallpa,PE,326040,普兰尔帕|普卡尔帕
Piura,PE,484475,皮乌拉
Iquitos,PE,377609,伊基托斯
Huaraz,PE,118836,瓦拉斯
Huánuco,PE,196627,瓦努科
Chiclayo,PE,552508,奇克拉约
Cajamarca,PE,201329,卡哈馬卡
Tacna,PE,286240,塔克纳
Puno,PE,128637,普诺
Lima,PE,7737002,Líma|Líoma|利馬
Ica,PE,282407,伊卡
Huancayo,PE,456250,万卡约
Cusco,PE,428450,庫斯科
Callao,PE,1300000,Regió de Callao|卡亞俄
Ayacucho,PE,140033,阿亚库乔
Arequipa,PE,1008290,阿雷基帕
Santa Anita - Los Ficus,PE,184614,
San Martin,PE,130000,
San Francisco De Borja,PE,105076,
Port Moresby,PG,283733,莫尔兹比港
NIA Valencia,PH,223620,巴伦西亚城
Tuguegarao,PH,167297,
Toledo,PH,206692,
Tayabas,PH,115318,
Tanza,PH,105510,
Talisay,PH,109204,Talísay|塔利賽|塔里萨伊
Magugpo Poblacion,PH,233254,Tágum|塔古姆
Tabuk,PH,122771,
Santol,PH,298976,
San Pablo,PH,300166,圣巴勃罗|聖巴勃羅
San Jose,PH,143495,
San Fernando,PH,251248,圣费尔南多
Rosario,PH,128352,
Pulong Santa Cruz,PH,126844,
Puerto Princesa,PH,222673,普林塞薩港
Pasay,PH,416522,
Panalanoy,PH,189090,
Panabo,PH,211242,巴拿波
Pagadian,PH,206483,
Norzagaray,PH,140697,
Naga,PH,174931,
Muricay,PH,132094,
Marikina City,PH,471323,
Mantampay,PH,265032,
Mansilingan,PH,454150,
Manila,PH,1600000,Maníla|馬尼拉|马尼拉
Mandaluyong City,PH,465902,Mandalúyong|曼达卢永市|曼達盧永
Lipa City,PH,212287,
Libertad,PH,250353,
Koronadal,PH,201844,科罗纳达尔
Iriga City,PH,115306,
Iligan City,PH,312323,
Hagonoy,PH,123531,
Guyong,PH,155391,
Gingoog,PH,138895,
General Santos,PH,722059,三投斯將軍市
Dumaguete,PH,113541,朗芒芽地
Davao,PH,1848947,Davaó|达沃市
Cotabato,PH,383383,
Cebu City,PH,965332,Ciudad de Cebú
Cavite City,PH,115932,甲米地
Capas,PH,162724,
Calamba,PH,575046,Calambá|卡兰巴
Cadiz,PH,129053,
Cabanatuan City,PH,343672,Cabanatúan
Butuan,PH,309709,武端市
Bulaon,PH,131818,
Budta,PH,1273715,
Bayugan,PH,110313,
Bayawan,PH,126744,巴湾湾
Baguio,PH,272714,碧瑶市
Bago City,PH,192993,巴哥
Angeles City,PH,483452,
Malingao,PH,1121974,
Commonwealth,PH,215034,
Bagong Silangan,PH,106886,
Mandaluyong,PH,425000,
Wazirabad,PK,102444,沃济拉巴德|沃濟拉巴德
Tordher,PK,150000,
Tando Adam,PK,125598,
Shahkot,PK,200000,
Saddiqabad,PK,189876,
Quetta,PK,1565546,Kvéta|奎達
Peshawar,PK,4758762,Péšávar|白沙瓦
Muzaffarābād,PK,725000,Müzəffərabad
Muridke,PK,164246,穆里德蓋
Model Town,PK,100000,
Mingora,PK,279914,明戈拉|明绞拉
Manjhand,PK,140766,
Lahore,PK,13004135,Láhaur|拉合尔|拉合爾
Kot Addu,PK,104217,
Khuzdar,PK,141227,
Khanpur,PK,142426,
Karachi,PK,11624219,Karáči|卡拉奇|喀拉蚩
Kamoke,PK,199531,
Kamalia,PK,112426,
Jhang Sadr,PK,341210,章萨德尔
Jaranwala,PK,119785,傑蘭瓦拉|贾兰瓦拉
Islamabad,PK,601600,Islámábád|Iszlámábád|伊斯兰堡|伊斯蘭堡
Gojra,PK,139726,哥吉拉|戈杰拉
Gilgit,PK,216760,吉尔吉特
Chishtian,PK,122199,
Burewala,PK,183915,
Phool Nagar,PK,114530,
Ahmadpur East,PK,116579,
Bahawalnagar,PK,126700,
Arif Wala,PK,157063,
Wola,PL,140958,
Warsaw,PL,1702139,Varsjá|Varsó|Varsóvia|Vársá|华沙|華沙
Targówek,PL,124279,
Rzeszów,PL,198317,热舒夫
Olsztyn,PL,169793,
Mokotów,PL,217683,莫科托夫區
Lublin,PL,336339,Lüblin|卢布林|盧布林
Kielce,PL,192468,Khái-ngì-chhái|凯尔采
Bielany,PL,131910,别拉内区
Białystok,PL,295683,比亚韦斯托克
Białołeka,PL,129106,
Bemowo,PL,123932,
Zielona Góra,PL,118433,Grünberg|Zelonô Góra|綠山城
Wrocław,PL,672545,Boroszló|Breslávia|Wrócław|弗罗茨瓦夫
Toruń,PL,196935,托伦
Szczecin,PL,395513,Shchétsin|Štetín|什切青
Sosnowiec,PL,227295,
Ruda Śląska,PL,146189,鲁达希隆斯卡
Poznań,PL,536151,Pòznóń|波茲南
Opole,PL,127676,Opolí|奥波莱
Łódź,PL,645693,罗兹|羅茲
Kraków,PL,804237,Cracóvia|Krakkó|Kraká|Krakóvia|克拉科夫
Katowice,PL,286960,Stalinogród|卡托維治|卡托维兹
Gorzów Wielkopolski,PL,114567,大波蘭地區戈茹夫
Gdynia,PL,257000,格丁尼亚
Gdańsk,PL,487371,格但斯克
Dąbrowa Górnicza,PL,116971,栋布罗瓦古尔尼恰
Bydgoszcz,PL,330038,比得哥什
Ursynów,PL,149775,
Praga Południe,PL,179836,
Bayamón,PR,203499,巴阿蒙
Carolina,PR,170404,
Ponce,PR,137491,龐塞
San Juan,PR,418140,San Xoán|圣胡安
Jabālyā,PS,168568,
Gaza,PS,410000,Gáza|加沙|加沙城|加薩
Setúbal,PT,118166,塞图巴尔
Queluz,PT,103399,克盧什
Lisbon,PT,517802,Liospóin|里斯本
Leiria,PT,128640,
Funchal,PT,105795,丰沙尔
Amadora,PT,178858,
Viseu,PT,103502,
Porto,PT,252687,波圖
Coimbra,PT,140796,Coímbra|Koímbra|科英布拉
Braga,PT,193324,
San Lorenzo,PY,227876,聖洛倫索
Lambaré,PY,126377,蘭巴雷
Fernando de la Mora,PY,120167,費爾南多德拉莫拉
Ciudad del Este,PY,301815,東方市
Capiatá,PY,198553,卡皮亞塔
Asunción,PY,1482200,Asúnsjón|亞松森
Ar Rayyān,QA,272465,
Doha,QA,344939,Dauhá|多哈
Saint-Paul,RE,105240,
Saint-Denis,RE,154765,Saint-Denis (Réunion)|Saint-Denis de la Réunion
Târgu Mureş,RO,212752,Maros-Vásárhely|Marosvásárhely|Vásárhely
Timişoara,RO,250849,Jósefvárosa|Józsefváros|Temesvár|Timišvár
Sibiu,RO,134309,Nagy-Szében|錫比烏
Satu Mare,RO,112490,Szatmár|Szatmár-Németi|Szatmárnémeti|薩圖馬雷
Ploieşti,RO,180540,
Piteşti,RO,141275,
Piatra Neamţ,RO,102688,Karácsonkő
Oradea,RO,183105,Nagyvárad|Velký Varadín|Várad|奥拉迪亚
Iaşi,RO,378954,Jászvásár|雅西
Galaţi,RO,217851,加拉茨
Craiova,RO,234140,克拉約瓦
Constanţa,RO,317832,Küstence|Küstenja|康斯坦察
Cluj-Napoca,RO,286598,Koloszvár|Kolozsvár|克卢日-纳波卡
Buzău,RO,103481,Bodzavásár|布澤烏
Bucharest,RO,1877155,Búkarest|Bükreş|布加勒斯特
Braşov,RO,253200,Brassó|Braszów
Brăila,RO,154686,
Baia Mare,RO,108759,Nagybánya
Bacău,RO,136087,Bákó
Arad,RO,169065,Zsigmondháza
Belgrade,RS,1273651,Belgrád|Belgráu|Běłohród|Nándorfehérvár|贝尔格莱德
Novi Sad,RS,215400,Pétervárad|Vásáros-Várad|Ó-péterváradja|Újvidék|诺威萨
Zheleznodorozhnyy,RU,141648,
Zelenograd,RU,215727,
Yoshkar-Ola,RU,268272,
Yaroslavl,RU,608722,雅罗斯拉夫尔
Voronezh,RU,1047549,
Volzhsky,RU,323293,
Vologda,RU,312420,Vólogda|沃洛格达
Volgograd,RU,1013533,Volgográd|伏尔加格勒|伏爾加格勒
Vladimir,RU,357024,Vladimír|弗拉基米尔
Vladikavkaz,RU,306258,Vladicáucaso|弗拉季高加索
Ulyanovsk,RU,626540,Uliánovsk|乌里扬诺夫斯克
Ufa,RU,1120547,Ufá|烏法
Tver,RU,420065,特维尔
Tula,RU,482873,圖拉
Tolyatti,RU,702879,陶里亚蒂
Tambov,RU,293661,坦波夫
Taganrog,RU,279056,塔甘羅格
Syzran,RU,189338,
Syktyvkar,RU,245083,瑟克特夫卡爾
Stavropol’,RU,433931,
Smolensk,RU,330025,斯摩棱斯克
Shchyolkovo,RU,113000,
Saratov,RU,844858,Saratów|Sarátov|薩拉托夫
Saransk,RU,318841,萨兰斯克
Saint Petersburg,RU,5351935,Pétursborg|Saint Pétersbourg|Saint-Pétersbourg|Sankt Péitersbuerg|Sankti Pétursborg|Szentpétervár|圣彼得堡|聖彼得堡
Samara,RU,1163399,薩馬拉
Ryazan’,RU,538962,梁赞
Rostov-na-Donu,RU,1130305,Rostóv na Donú|Rostów nad Donem|顿河畔罗斯托夫
Pskov,RU,210501,Psków|普斯科夫
Podolsk,RU,179400,
Petrozavodsk,RU,279190,彼得罗扎沃茨克
Pervouralsk,RU,133600,第一烏拉爾斯克
Perm,RU,982419,彼尔姆
Novo-Peredelkino,RU,115536,
Penza,RU,523553,奔萨
Orenburg,RU,564773,奥伦堡
Orël,RU,303696,
Oktyabrsky,RU,108200,
Novocheboksarsk,RU,128468,
Velikiy Novgorod,RU,222868,Hólmgarður|Nowogród Wielki|Veliki Nóvgorod|大诺夫哥罗德
Nizhny Tagil,RU,381116,
Nizhniy Novgorod,RU,1259013,
Nalchik,RU,239300,
Murmansk,RU,295374,Murmánska|Múrmansk|摩爾曼斯克
Moscow,RU,10381222,Moscó|Moscú|Mát-xcơ-va|莫斯科
Maykop,RU,141970,
Makhachkala,RU,596356,
Lipetsk,RU,509735,Lípetsk|利佩茨克
Kursk,RU,448733,Kúrsk|库尔斯克|庫爾斯克
Krasnodar,RU,899541,克拉斯诺达尔
Kostroma,RU,277280,Kostromá|科斯特羅馬
Kolpino,RU,138979,科爾皮諾
Kirov,RU,507155,Kírov|基洛夫
Kazan,RU,1243500,Kazán|喀山
Kaluga,RU,340851,卡盧加
Kaliningrad,RU,475056,Kaliningráu|Kalinyingrád|Kalíníngrad|Królewiec|加里寧格勒
Izhevsk,RU,648213,伊熱夫斯克
Ivanovo,RU,406113,Ivánovo|伊万诺沃
Grozny,RU,297137,Grosní|Grózni
Engels,RU,196011,
Elista,RU,106971,Elistá|埃利斯塔
Dimitrovgrad,RU,132226,季米特洛夫格勒
Cherkessk,RU,122395,
Cherepovets,RU,315738,Cherepovéts|切列波韋茨
Cheboksary,RU,492331,Csebokszári|切博克萨雷
Bryansk,RU,427236,
Belgorod,RU,345289,Bélgorod|别尔哥罗德
Bataysk,RU,109962,
Astrakhan,RU,533925,Astrachán|Astracán|Astrakán|Asztrahán|阿斯特拉罕
Arkhangel’sk,RU,349742,
Yekaterinburg,RU,1495066,葉卡捷琳堡
Tyumen,RU,768358,Tiumén|Tümen|秋明
Tomsk,RU,574002,托木斯克
Tobolsk,RU,113800,
Rubtsovsk,RU,161065,魯布佐夫斯克
Omsk,RU,1172070,鄂木斯克
Noyabrsk,RU,110000,
Novosibirsk,RU,1612833,新西伯利亚|新西伯利亞
Norilsk,RU,140800,諾里爾斯克
Nefteyugansk,RU,112632,
Leninsk-Kuznetsky,RU,109023,Léninsk-Kuznetski|列寧斯克-庫茲涅茨基
Kyzyl,RU,116983,克孜勒
Kurgan,RU,309285,Kurgán|库尔干
Krasnoyarsk,RU,1090811,
Khanty-Mansiysk,RU,101466,汉特-曼西斯克
Kemerovo,RU,558973,Kémerovo|克麥羅沃
Chelyabinsk,RU,1202371,Cheliábinsk|Tchéliabïnsk|車里雅賓斯克
Barnaul,RU,632372,Barnaúl|巴尔瑙尔
Abakan,RU,184168,Abakán|阿巴坎
Yakutsk,RU,235600,
Vladivostok,RU,604901,海参崴|海參崴
Ust’-Ilimsk,RU,100271,
Ulan-Ude,RU,360278,Oulan-Oudé|Ulán-Udé|烏蘭烏德
Khabarovsk,RU,618150,Jabárovsk|伯力|哈巴罗夫斯克|哈巴羅夫斯克
Irkutsk,RU,623869,伊爾庫茨克
Chita,RU,349005,Chitá|赤塔
Blagoveshchensk,RU,225091,Blagovéshchensk|Blagovésxensk|海兰泡|海蘭泡
Yuzhno-Sakhalinsk,RU,198973,丰原|南萨哈林斯克|豊原|豐原
Petropavlovsk-Kamchatsky,RU,181216,Petropávlovsk-Kamchatski|堪察加彼得巴甫洛夫斯克|堪察加的彼得巴甫洛夫斯克
Musanze,RW,153368,
Nyagatare,RW,100000,
Kigali,RW,1132686,Kígalí|吉佳利
Yanbu,SA,200161,
Tabuk,SA,667000,Tebük|塔布克
Unaizah,SA,183319,
Sulţānah,SA,946697,
Sakakah,SA,128332,塞卡凱
Najrān,SA,505652,
Makkah,SA,1578722,麥加
Khamis Mushait,SA,387553,海米斯穆謝特|海米斯穆谢特
Jizan,SA,105198,Gizán
Jeddah,SA,4697000,Jidá|吉达|吉達
Ha'il,SA,605930,
Hafar Al-Batin,SA,271642,
Buraydah,SA,745353,
Az Zulfī,SA,125000,
Ta’if,SA,688693,Táif|塔伊夫
Riyadh,SA,4205961,Rijád|Ríad|利雅得|利雅德
Arar,SA,148540,
Qurayyat,SA,102903,
Al Mubarraz,SA,290802,
Madinah,SA,1300000,Medína|Médine|麥地那|麦地那
Khobar,SA,165799,
Al Kharj,SA,425300,
Al Jubayl,SA,237274,El-Cübeyl|Əl-Cübeyl
Al Hufūf,SA,293179,Hüfuf
Dammam,SA,1252523,Dammám|达曼
Abha,SA,210886,Abhá|艾卜哈
Wad Medani,SD,332714,
Omdurman,SD,1849659,Omdurmán|Umm Durmán|恩图曼
Singa,SD,250000,
Sennar,SD,130122,
Rabak,SD,135281,
Nyala,SD,565734,尼亚拉
Kosti,SD,345068,
Kassala,SD,401477,卡薩拉
Port Sudan,SD,489725,Port Szudán|Puerto Sudán|苏丹港
Atbara,SD,112021,阿特巴拉
An Nuhūd,SD,108008,恩纳胡德
El Obeid,SD,393311,
Al Qadarif,SD,363945,加达里夫
Al Manāqil,SD,128297,
Khartoum North,SD,1012211,Bahrí
Khartoum,SD,1974647,Cartúm|Chartúm|Kartúm|Khartún|喀土穆
El Geneina Fort,SD,134264,
Al-Junaynah,SD,162981,
El Fasher,SD,252609,
El Daein,SD,264734,
Ad-Damir,SD,103941,
Ad-Damazin,SD,186051,
Gereida,SD,120000,
Umeå,SE,130224,于默奧
Västerås,SE,127799,韦斯特罗斯
Uppsala,SE,177074,乌普萨拉
Stockholm,SE,1515017,Stocólma|Stokkhólmur|Stócólm|斯德哥尔摩|斯德哥爾摩
Örebro,SE,155989,厄勒布鲁
Malmö,SE,362133,Málmey|马尔莫|马尔默
Linköping,SE,166673,林雪平
Jönköping,SE,112766,延雪平
Göteborg,SE,608462,哥德堡
Ulu Bedok,SG,276990,
Singapore,SG,5638700,新加坡|星架坡
Sembawang Estate,SG,110090,三巴旺
Punggol,SG,199400,Bǎng'é|榜鹅
Kampong Pasir Ris,SG,145150,Báishā|巴西立|白沙
Jurong Town,SG,262730,Yùláng|裕廊
Jurong West,SG,257470,裕廊西
Yishun New Town,SG,221610,义顺|義順
Woodlands,SG,255180,兀兰
Ang Mo Kio New Town,SG,159340,宏茂桥|宏茂橋
Bukit Panjang New Town,SG,138050,Wǔjíbānràng|武吉班让
Bedok New Town,SG,276990,勿洛
Choa Chu Kang New Town,SG,190890,Chhòa Chhù Káng|蔡厝港
Sengkang New Town,SG,244600,盛港
Ljubljana,SI,272220,Liúibleána|Lübiana|Lüblâna|Lüblän|卢布尔雅那|盧布爾雅那
Košice,SK,225044,科希策
Petržalka,SK,112380,佩特扎爾卡
Bratislava,SK,423737,An Bhratasláiv|布拉迪斯拉发|布拉迪斯拉發
Koidu,SL,124662,科伊杜|考度
Kenema,SL,143137,凯内马
Freetown,SL,802639,弗里敦|自由市
Bo,SL,174354,博城
Ziguinchor,SN,214874,济金绍尔
Touba,SN,1120824,圖巴
Tivaouane,SN,102658,
Tiébo,SN,100289,
Thiès Nones,SN,252320,
Tambacounda,SN,149071,坦巴昆達
Saint-Louis,SN,254171,圣路易
Rufisque,SN,295459,Tëngéej|吕菲斯克|呂菲斯克
Pikine,SN,874062,皮金
Mbour,SN,284189,
Mbaké,SN,101451,Mbacké|姆巴凯
Louga,SN,113365,
Kolda,SN,103574,
Kaolack,SN,298904,
Diourbel,SN,157554,久爾貝勒
Dakar,SN,2646503,Dacár|達喀爾
Guédiawaye,SN,329659,
Ruqi,SO,148702,
Mogadishu,SO,2587183,Mogadíscio|Mogaidisiú|Mogandísio|Mógadisjú|摩加迪休|摩加迪殊|摩加迪沙|木骨都束
Marka,SO,230100,
Kismayo,SO,234852,Kismānyó
Hargeysa,SO,477876,
El Dibir,SO,200000,
Cabudwaaq,SO,120000,
Borama,SO,597842,博拉马
Berbera,SO,242344,柏培拉
Baidoa,SO,129839,拜多亞|日本語
Paramaribo,SR,223757,Paramaríbó|巴拉馬利波|帕拉马里博
Yei,SS,260720,耶伊
Winejok,SS,300000,
Wau,SS,127384,瓦烏
Malakal,SS,160765,Malakál|馬拉卡爾
Juba,SS,450000,
Soyapango,SV,329708,索亞潘戈
Santa Ana,SV,176661,聖安娜
San Salvador,SV,525990,聖薩爾瓦多
San Miguel,SV,247126,
Santa Tecla,SV,124694,聖特克拉
Mejicanos,SV,160317,
Apopa,SV,112158,
Ţarţūs,SY,458327,
Idlib,SY,128840,伊德利卜
Homs,SY,775404,Hüms|霍姆斯
Ḩamāh,SY,460602,
Aleppo,SY,2098210,Aleppó|阿勒颇
Damascus,SY,1569394,Domás|Dàmáskù|Ndamáko|大馬士革|大马士革
Deir ez-Zor,SY,271800,代尔祖尔
Ar Raqqah,SY,531952,
Latakia,SY,709000,El Lādhaqiyé|Laodicée|Lattaquié|Lázikíja|拉塔基亚
Al Ḩasakah,SY,422445,Hassaké
Manzini,SZ,110537,曼齐尼
Abéché,TD,139983,Abécher|阿贝歇
Sarh,TD,138928,
N'Djamena,TD,1359526,恩賈梅納
Moundou,TD,196124,蒙杜
Sokodé,TG,117811,索科德
Lomé,TG,2188376,洛美
Kara,TG,104207,
Surat Thani,TH,132040,素叻他尼
Nakhon Si Thammarat,TH,102152,那空是贪玛叻
Lampang,TH,156139,
Hua Hin,TH,126355,
Chiang Mai,TH,127240,Zimmé|清迈|清邁
Ban I Chang,TH,119858,
Udon Thani,TH,130531,乌隆他尼
Ubon Ratchathani,TH,122533,乌汶叻差他尼
Samut Prakan,TH,388920,沙没巴干府
Rayong,TH,106737,羅勇市
Mueang Nonthaburi,TH,254375,
Nakhon Ratchasima,TH,126391,呵叻
Nakhon Pathom,TH,117927,佛统
Bangkok,TH,5104476,Bancác|曼谷
Khon Kaen,TH,114459,坤敬市|孔敬
Chon Buri,TH,219164,
Ban Samae Dam,TH,125133,
Pattaya,TH,116417,芭達亞
Ban Khlong Prawet,TH,160671,
Bokhtar,TJ,110800,
Dushanbe,TJ,679400,Douchanbé|Düşənbə|杜尚别
Khujand,TJ,191000,苦盏
Dili,TL,150000,Díli|帝力
Ashgabat,TM,727700,阿什哈巴德
Daşoguz,TM,166500,达沙古兹
Mary,TM,114680,马雷
Türkmenabat,TM,234817,Türkmənabad|土庫曼納巴德
Tunis,TN,693210,Túinis|Túnez|Túnis|Túnixi|Túniz|突尼斯|突尼斯市
Sousse,TN,221715,Szúsza|Súsa|昔兰尼|苏塞
Sukrah,TN,129693,
Sfax,TN,280566,斯法克斯
Gabès,TN,110075,加貝斯
Bizerte,TN,138430,比塞大
Sejoumi,TN,109672,
Aryanah,TN,114486,艾尔亚奈
Kairouan,TN,139070,Kairuán|凯鲁万
El Mourouj,TN,104538,
Van,TR,525016,凡城
Uşak,TR,369433,烏沙克
Şanlıurfa,TR,449549,Édessa|Édesse
Sivas,TR,264022,錫瓦斯
Siirt,TR,114034,錫爾特
Osmaniye,TR,202837,奧斯曼尼耶
Mersin,TR,537842,
Mardin,TR,129864,馬爾丁
Manisa,TR,243971,
Malatya,TR,806156,馬拉蒂亞
Kütahya,TR,185008,Kütahiya|Kütahj|屈塔希亞
Konya,TR,1433861,科尼亞
Kırşehir,TR,150700,克爾謝希爾
Kırıkkale,TR,186960,克勒克卡萊
Kilis,TR,111648,基利斯
Kayseri,TR,1434357,Céarée|Césarée|開塞利
Karaman,TR,175390,卡拉曼
Ağrı,TR,120390,阿勒
Kahramanmaraş,TR,384953,卡赫拉曼馬拉什
İzmir,TR,2938292,伊兹密尔
Isparta,TR,172334,伊斯帕爾塔
Iğdır,TR,101700,厄德尔
Gaziantep,TR,2130432,加濟安泰普
Eskişehir,TR,789023,Eski-chéhir|埃斯基谢希尔
Erzurum,TR,767848,Erzéroum|埃尔祖鲁姆
Erzincan,TR,150714,埃尔津詹
Elazığ,TR,443363,埃拉泽
Diyarbakır,TR,1791373,Diari-Békir|迪亚巴克尔
Denizli,TR,313238,Denislü|代尼茲利
Çiğli,TR,194525,Büyükçigli
Bingöl,TR,128935,
Batman,TR,452157,巴特曼
Balıkesir,TR,238151,巴勒克埃西爾
Aydın,TR,163022,Aïdínion|Güsel Hissar|Güzel Hissar|Güzelhisar|艾登
Antalya,TR,1344000,Antália|安塔利亚|安塔利亞
Antakya,TR,210000,Antioquía|安条克
Ankara,TR,3517182,Engüri|Ăng-kā-lá|安卡拉
Aksaray,TR,247147,阿克萨赖
Afyonkarahisar,TR,251799,阿菲永卡拉希萨尔
Adıyaman,TR,267131,Adıyamanská|Hüsnümansur|阿德亚曼|阿德亚曼省
Adana,TR,1816750,阿达纳
Zonguldak,TR,101749,宗古爾達克
Zeytinburnu,TR,288743,
Üsküdar,TR,524452,
Umraniye,TR,573265,
Trabzon,TR,244083,Trébizonde|特拉布宗
Tokat,TR,129702,Tokatská provincie|托卡特
Tekirdağ,TR,122287,Rodostó|泰基爾達
Şişli,TR,314684,
Samsun,TR,394050,薩姆松
Rize,TR,119828,Rizenská provincie|里澤
Ordu,TR,229214,
Maltepe,TR,427040,
Kastamonu,TR,125622,卡斯塔莫努
Karabük,TR,125403,卡拉比克|卡拉比克省
İzmit,TR,196571,Nicomédie|伊兹密特
Istanbul,TR,15701602,Bizánc|Istanbúl|Konstantinápoly|伊斯坦堡|伊斯坦布尔
Giresun,TR,125682,吉雷松
Esenyurt,TR,211330,Eskiyüz
Esenler,TR,520235,
Edirne,TR,180002,Drinápoly|Ederné|Odrín|Édirne|埃迪爾內
Düzce,TR,194097,
Çorum,TR,269595,喬魯姆
Çanakkale,TR,143622,恰納卡萊|恰纳卡莱省
Bursa,TR,3101833,布尔萨
Bolu,TR,184682,博盧
Bağcılar,TR,749024,
Arnavutköy,TR,198165,
Amasya,TR,114921,Amásia|阿馬西亞
Adapazarı,TR,286787,阿达帕扎勒
Ataşehir,TR,361615,
Beylikdüzü,TR,122452,
Çankaya,TR,792189,
Bahçelievler,TR,576799,
Sultangazi,TR,436935,
Sultanbeyli,TR,286622,
Sancaktepe,TR,241000,
Karabağlar,TR,458000,
Yongkang,TW,233730,Yún-không-khî|Éng-khong-khu|永康|永康区|永康區
Yuanlin,TW,124725,Yüan-lin|員林
Toufen,TW,106310,頭份|頭份市|頭份鎮
Danshui,TW,189271,淡水
Taipei,TW,7871900,Taipé|Taipéi|台北|台北市|臺北市
Shulin,TW,180044,樹林|樹林区|樹林區
Sanxia,TW,115185,三峡区|三峽|三峽区|三峽區
Bade,TW,209148,Bát Đức|八徳区|八德|八德區
Neili,TW,112845,內壢
Neihu,TW,274538,內湖|內湖區|内湖区
Kaohsiung,TW,2737660,高雄|高雄巿|高雄市
Xizhi,TW,204619,Se̍k-chí-khu|汐止|汐止区|汐止區
Changhua,TW,226564,半线|彰化市
Taoyuan City,TW,402014,
New Taipei City,TW,4004367,Nova Taipé|Nová Tchaj-pej|Nueva Taipéi|新北|新北市
Zanzibar,TZ,709809,Zanzibár|Ìlú Zanzibar|桑给巴尔市
Tunduma,TZ,219309,
Tarime,TZ,133043,
Tanga,TZ,393429,坦噶
Tabora,TZ,308741,塔波拉
Sumbawanga,TZ,303986,松巴萬加
Singida,TZ,232459,
Shinyanga,TZ,139727,欣延加
Sengerema,TZ,110000,
Nzega,TZ,125193,
Mwanza,TZ,1104521,姆万扎
Musoma,TZ,164172,穆索馬
Mpanda,TZ,204338,
Moshi,TZ,221733,莫希
Morogoro,TZ,471409,莫罗戈罗
Mbeya,TZ,541603,姆貝亞
Makumbako,TZ,116232,
Kigoma,TZ,232388,基戈馬
Kibaha,TZ,265360,
Katumba,TZ,108558,
Kasulu,TZ,238321,卡蘇盧
Kahama,TZ,453654,卡哈馬
Iringa,TZ,202490,伊林加
Ifakara,TZ,205843,
Handeni,TZ,108968,
Geita,TZ,318006,
Dodoma,TZ,765179,Dódóma|多多马|杜篤瑪
Dar es Salaam,TZ,5383728,Dar es Salám|Darüsselam|Dárasalám|三蘭港|达累斯萨拉姆
Bunda,TZ,182970,
Bukoba,TZ,144938,布科巴
Arusha,TZ,617631,阿鲁沙
Songea,TZ,286285,松蓋阿
Mtwara,TZ,140793,
Zhytomyr,UA,261624,Jytómyr|日托米尔
Zaporizhzhya,UA,710052,Záporoží|扎波罗热|扎波里日扎
Vinnytsya,UA,369839,文尼察
Uzhhorod,UA,115449,Ungvár|Úzhgorod|乌日霍罗德
Ternopil,UA,225238,捷尔诺波尔
Sumy,UA,259660,蘇梅
Sloviansk,UA,105141,斯拉維揚斯克
Sevastopol,UA,547820,Sébastopol|塞瓦斯托波爾
Rivne,UA,245289,Równe|羅夫諾
Poltava,UA,283402,波尔塔瓦|波爾塔瓦
Odesa,UA,1015826,Ódessa|敖德薩
Mykolayiv,UA,470011,Mikołajów
Mariupol,UA,120000,日本語|马里乌波尔
Lviv,UA,717273,Ilyvó|Leópolis|Lwów|利沃夫
Lutsk,UA,215986,盧茨克
Luhansk,UA,397677,Lugánsk|卢甘斯克
Kyiv,UA,2797553,Cív|Ki ép|Kijów|Kíev|Kíjó|Küyiv|基輔
Kropyvnytskyy,UA,219676,克洛佩夫尼茨基|基洛沃格勒
Khmelnytskyi,UA,274582,Płoskurów
Kherson,UA,283649,Jersón|赫尔松
Kharkiv,UA,1433886,Carcóvia|Charków|哈爾科夫
Ivano-Frankivsk,UA,238196,Stanisławów|Sztanyiszló
Donetsk,UA,901645,頓涅茨克
Dnipro,UA,968502,Dnipró|聶伯城
Chernivtsi,UA,265471,Csarnóca|Txernivtsí|切爾諾夫策
Chernihiv,UA,285234,Chernígov|Czernihów|Txerníhiv|切尔尼戈夫
Cherkasy,UA,272651,Tcherkássi|切爾卡瑟
Njeru,UG,178800,
Mbarara,UG,221300,
Lugazi,UG,128400,
Kira,UG,462900,
Katabi,UG,154300,
Kasangati,UG,207800,
Kampala,UG,1680600,坎帕拉
Kajansi,UG,135600,
Gulu,UG,177400,古盧
Entebbe,UG,102600,恩德培
Bunamwaya,UG,413400,
Kyengera,UG,285400,
Nansana,UG,532800,
Montgomery,US,195287,蒙哥馬利|蒙哥马利
Little Rock,US,202591,列度洛埠|小岩城|小石城
Washington,US,689545,Ranatakariáhshne|华盛顿特区
Brandon,US,103483,布兰登|布蘭登
Cape Coral,US,175229,開普科勒爾
Coral Springs,US,129485,科勒爾斯普林斯
Davie,US,100882,戴维
Hialeah,US,237069,海厄利亞
Hollywood,US,149728,好萊塢
Lakeland,US,104401,莱克兰|萊克蘭
Miami Gardens,US,113187,迈阿密花园
Miramar,US,137132,米拉馬爾
Palm Bay,US,119760,棕榈湾
Pembroke Pines,US,166611,彭布羅克派恩斯
Pompano Beach,US,107762,庞帕诺比奇|龐帕諾比奇
Port Saint Lucie,US,164603,
St. Petersburg,US,257083,
Tallahassee,US,201731,塔拉赫西|達拉哈西
Atlanta,US,510823,亚特兰大|亞特蘭大
Sandy Springs,US,105330,桑迪斯普林斯
Springfield,US,114394,斯普林菲尔德
Indianapolis,US,887642,Indianápolis|印第安納波利斯
Overland Park,US,186515,歐弗蘭帕克
Topeka,US,125963,托皮卡
Lexington-Fayette,US,314488,
Meads,US,288649,米茲
Baton Rouge,US,227470,巴吞鲁日
Metairie,US,138481,
Independence,US,117255,独立城|獨立城
Kansas City,US,475378,Ìlú Kansas|堪薩斯城
Jackson,US,153701,杰克逊
Cary,US,159769,卡瑞
Greensboro,US,285342,格林斯伯勒
High Point,US,110268,海波因特
Raleigh,US,482295,罗利
Columbus,US,913175,哥伦布|哥倫布
Broken Arrow,US,106563,
Oklahoma City,US,681054,Maxepónoe|俄克拉荷馬城|奧克拉荷馬市
Columbia,US,142416,Colúmbia|哥伦比亚
North Charleston,US,108304,北查尔斯顿
East Chattanooga,US,154024,
Nashville,US,689447,納殊維爾|纳什维尔
Arlington,US,388125,阿灵顿
Austin,US,974447,奧斯汀|柯士甸
Carrollton,US,133168,卡羅爾頓
College Station,US,107889,大學城
Cypress,US,200839,
Frisco,US,154407,
Garland,US,236897,加兰|加蘭
Grand Prairie,US,187809,大草原城
Irving,US,236607,欧文|欧林|歐文|歐林|艾榮
Killeen,US,140806,基林
Lewisville,US,104039,刘易斯维尔
McAllen,US,140269,麦卡伦
Mesquite,US,144788,梅斯基特
Pasadena,US,153784,帕薩迪納
Pearland,US,108821,
Plano,US,283558,普莱诺
Richardson,US,110815,
Round Rock,US,115997,朗德罗克|朗德羅克
East Hampton,US,147993,
Richmond,US,226610,列治文|里士满
Hartford,US,121054,哈特福
New Haven,US,130322,紐哈芬|紐希雲|紐黑文|纽黑文
North Stamford,US,121230,北史丹佛
Stamford,US,128874,斯坦福
Waterbury,US,108802,沃特伯里
Des Moines,US,214133,德梅因
Aurora,US,200661,
Elgin,US,112111,埃尔金|埃爾金
Naperville,US,147100,內珀維爾
North Peoria,US,113004,
Boston,US,653833,Bostún|波士頓|波士顿
Cambridge,US,110402,剑桥|劍橋
Lowell,US,110699,洛厄尔|洛厄爾|羅威爾
New Bedford,US,101079,新贝德福德
Springfield,US,154341,斯普林菲尔德
Lansing,US,112644,兰辛|蘭辛
Sterling Heights,US,132052,斯特灵海茨|斯特靈海茨
Warren,US,134056,沃伦|沃倫
Saint Paul,US,303176,圣保罗
Lincoln,US,294757,林肯
Manchester,US,110229,曼彻斯特|曼徹斯特
Edison,US,102548,爱迪生
Albany,US,101228,奥尔巴尼|柯巴利
Amherst,US,122366,
New York City,US,8804190,Kanón:no|Nýja Jórvík|紐約|紐約市
Yonkers,US,201116,揚克斯
Providence,US,190934,普洛威頓斯|普罗维登斯
Madison,US,280305,麦迪逊
Bridgeport,US,147629,布里奇波特
Chandler,US,260828,钱德勒
Gilbert,US,247542,吉尔伯特
Glendale,US,240126,格蘭岱爾
Mesa,US,471825,梅薩
Peoria,US,190985,皮奥里亚|皮奧里亞
Phoenix,US,1650070,Féniks|凤凰城|鳳凰城
Scottsdale,US,236839,斯科茨代爾
Surprise,US,143148,瑟普赖斯
Tempe,US,175826,坦佩
Tempe Junction,US,158368,
Anaheim,US,350742,安那罕|阿納海姆
Antioch,US,110542,安条克|安條克
Berkeley,US,120972,Tsiiyog Hadahodííłdládí|伯克利|柏克萊
Burbank,US,105319,伯班克
Carlsbad,US,114746,卡尔斯巴德
Chico,US,121345,奇科
Chula Vista,US,265757,丘拉維斯塔
Clovis,US,104180,Niʼiijíhí Díílid|克洛维斯
Concord,US,128667,康科德
Corona,US,164226,Shádiʼááhjí Tábąąhkin|科洛納|科洛纳
Costa Mesa,US,113204,科斯塔梅薩
Daly City,US,106562,戴利城
Downey,US,114219,唐尼
East Los Angeles,US,126496,Este de Los Ángeles|东洛杉矶
El Cajon,US,103679,El Cajón|Tsétah Tééh|埃尔卡洪|埃爾卡洪
El Monte,US,116732,艾尔蒙地|艾爾蒙地
Elk Grove,US,166913,埃爾克格羅夫
Escondido,US,151038,Abaʼtó|埃斯孔迪多
Fontana,US,212704,方塔納
Fremont,US,232206,費利蒙|费利蒙
Fullerton,US,140847,富勒顿
Garden Grove,US,175393,加登格羅夫
Glendale,US,201020,格倫代爾
Hayward,US,158289,希活|海沃德
Huntington Beach,US,201899,亨廷頓比奇
Inglewood,US,111666,英格尔伍德|英格爾伍德
Irvine,US,256927,歐文|爾灣
Lancaster,US,161103,蘭開斯特
Long Beach,US,474140,長灘
Moreno Valley,US,204198,Tééh Hodiłhił|莫雷諾谷|莫雷诺谷
Murrieta,US,109830,穆列塔
Norwalk,US,107140,諾沃克|诺沃克
Oceanside,US,175691,歐申賽德
Ontario,US,171214,安大略
Oxnard,US,207254,Taʼagháliiłání|奥克斯纳德|奧克斯納德
Palmdale,US,158351,棕櫚谷
Pasadena,US,142250,帕萨迪纳
Pomona,US,153266,波莫納|波莫纳
Rancho Cucamonga,US,175236,庫卡蒙格牧場
Rialto,US,103132,里亚托
Richmond,US,109708,列治文|里士满|里奇蒙
Roseville,US,130269,罗斯维尔|羅斯維爾
Sacramento,US,524943,Sakraménto|沙加緬度
San Mateo,US,103536,聖馬刁
Santa Clara,US,126215,圣克拉拉
Santa Clarita,US,182371,聖塔克拉利塔
Santa Maria,US,105093,Santa María|圣玛丽亚|聖瑪麗亞
Simi Valley,US,126788,西米谷
Sunnyvale,US,155805,森尼韦尔
Temecula,US,110003,特曼库拉
Thousand Oaks,US,129339,千橡市
Torrance,US,143592,托倫斯|托兰斯|托蘭斯
Valencia,US,148456,
Vallejo,US,121692,瓦列霍
Victorville,US,122225,Séídą́ąʼjįʼ Kin|維克多維爾|维克多维尔
Vista,US,100890,Chéchʼil Dootłʼizhíiʼii|維斯塔|维斯塔
West Covina,US,108484,西柯汶纳
Arvada,US,115368,阿瓦达|阿瓦達
Aurora,US,359407,奥罗拉
Centennial,US,109741,森特尼尔
Denver,US,729019,Dénwér|丹佛
Lakewood,US,152597,萊克伍德
Thornton,US,133451,桑頓
Westminster,US,116317,威斯敏斯特
Enterprise,US,108481,
Henderson,US,285667,亨德森
North Las Vegas,US,234807,北拉斯維加斯
Paradise,US,223167,天堂市
Spring Valley,US,178395,斯普林瓦利
Sunrise Manor,US,189372,
Boise,US,235684,博伊西
Gresham,US,110553,格雷捨姆|格雷斯罕
Salem,US,175535,塞勒姆
Salt Lake City,US,215548,盐湖城|鹽湖城
West Jordan,US,111946,西喬丹
West Valley City,US,136208,西瓦利城
Bellevue,US,139820,貝爾維尤|贝尔维尤
Kent,US,126952,肯特
Renton,US,100242,伦顿
Honolulu,US,350964,Honolulú|檀香山
South Fulton,US,107436,
Montevideo,UY,1270737,Montevidéu|Montevídeó|蒙得维的亚|蒙特維多
Nukus,UZ,332500,努库斯
Tirmiz,UZ,182800,泰尔梅兹
Shahrisabz,UZ,142700,沙赫里薩布茲|渴石
Samarkand,UZ,595200,撒馬爾罕|撒马尔罕
Qarshi,UZ,278300,卡爾希
Bukhara,UZ,280187,Bujará|布哈拉
Urganch,UZ,145000,
Tashkent,UZ,1978028,塔什干
Qo‘qon,UZ,259700,
Olmaliq,UZ,133400,阿尔马雷克|阿爾馬雷克
Navoiy,UZ,144158,纳沃伊
Namangan,UZ,713220,Namangán|納曼干
Marg‘ilon,UZ,253500,
Jizzax,UZ,179200,吉扎克
Fergana,UZ,299200,Ferganá|费尔干纳
Chirchiq,UZ,162800,奇尔奇克|奇爾奇克
Angren,UZ,191300,安格連
Andijon,UZ,747800,Andiján|安集延
Alto Barinas,VE,284289,
Valencia,VE,1619470,巴伦西亚
San Juan de los Morros,VE,160868,
San Felipe,VE,206270,聖費利佩
San Cristóbal,VE,289852,聖克里斯托瓦爾
San Carlos,VE,120375,聖卡洛斯
Punta Cardón,VE,113999,El Cardón
Puerto Ayacucho,VE,125840,阿亞庫喬港
Mérida,VE,300000,Méria|梅里達市
Maracay,VE,464700,马拉凯
Maracaibo,VE,1752602,马拉开波
Los Teques,VE,252242,洛斯特克斯
Los Rastrojos,VE,100497,
Guanare,VE,112286,瓜納雷
Cumaná,VE,405626,庫馬納
Coro,VE,246657,聖安娜德科羅
Ciudad Bolívar,VE,412619,Bolívar|Bolívar llaqta|Syudad Bolívar|Ziudá Bolívar|玻利瓦尔城
Caracas,VE,3000000,卡拉卡斯
Barquisimeto,VE,1240714,巴基西梅托
Barinas,VE,397279,巴里納斯
Barcelona,VE,815141,巴塞羅那
Maturín,VE,647459,馬圖林
San Fernando de Apure,VE,229197,
Yên Vinh,VN,107082,
Xuân Lộc,VN,253140,
Vĩnh Long,VN,137870,
Vinh,VN,790000,荣市
Việt Yên,VN,205900,
Việt Trì,VN,415280,
Tuy Hòa,VN,155921,綏和市
Tuyên Quang,VN,104645,
Thành phố Trà Vinh,VN,160310,Phú Vinh
Tịnh Biên,VN,143098,
Thủ Dầu Một,VN,373105,Phú Cường|土龍木市社
Thuận Thanh,VN,199577,
Ho Chi Minh City,VN,14002598,Ho Si Minh-város|Hồ Chí Minhin kaupunki|Kota Hồ Chí Minh|T.P. Hồ Chí Minh|Thành phố Hồ Chí Minh|胡志明市
Thanh Hóa,VN,850000,清化市
Thái Nguyên,VN,420000,Thành Phố Thái Nguyên
Tây Ninh,VN,135254,西寧市
Tân An,VN,215250,
Tam Kỳ,VN,165240,
Sơn La,VN,106052,山羅市
Sóc Trăng,VN,221430,Khánh Hưng
Sầm Sơn,VN,129801,
Rạch Giá,VN,459860,迪石市
Qui Nhon,VN,519208,歸仁市
Quảng Ngãi,VN,278496,Kóng-ngi-sṳ|廣義市
Pleiku,VN,114225,Pô-lòi-kú|波來古市
Phú Mỹ,VN,287055,
Phủ Lý,VN,136654,
Phan Thiết,VN,228536,潘切
Phan Rang-Tháp Chàm,VN,207998,
Nha Trang,VN,579000,芽庄市|芽莊|芽莊市
Nghi Sơn,VN,302210,
Nam Định,VN,448225,
Mỹ Tho,VN,270700,
Mỹ Hào,VN,115608,
Long Xuyên,VN,286140,
Lào Cai,VN,130671,Ló-kiê-sṳ|老街市
Lạng Sơn,VN,200108,
La Gi,VN,160652,罗夷市社
Kiến An,VN,118047,
Hưng Yên,VN,118646,
Huế,VN,1380000,Hué|順化|順化市|顺化市
Hồng Ngự,VN,101155,
Hạ Long,VN,270054,下龍市|下龙市
Hanoi,VN,8053663,Hanoí|河內|河內市
Haiphong,VN,2625200,海防市
Hải Châu,VN,131427,
Gò Vấp,VN,110850,
Giá Rai,VN,145340,
Đồng Xoài,VN,168000,
Thị Trấn Đông Triều,VN,248896,
Ðông Hà,VN,164228,
Da Nang,VN,1276000,Thành Thái Phien|岘港|峴港
Ðà Lạt,VN,258014,
Thị Trấn Đại Từ,VN,179192,
Chí Linh,VN,220421,
Cao Lãnh,VN,211912,
Cần Thơ,VN,1507187,芹苴市
Cam Ranh,VN,146771,城庯柑欞|金兰市
Cẩm Phả Mines,VN,135477,
Cà Mau,VN,226372,
Cai Lậy,VN,143050,Khiêm Ích
Buôn Ma Thuột,VN,434256,
Buôn Hồ,VN,127920,
Biên Hòa,VN,1272235,
Bến Tre,VN,124449,Trúc Giang
Bến Cát,VN,364578,
Ba Vì,VN,282600,
Bắc Quang,VN,118690,
Bắc Ninh,VN,287658,
Ba Dinh,VN,221893,
Phu Quoc,VN,294419,Phú Quốc|富國島
Thành Phố Bà Rịa,VN,235192,
Hòa Cường,VN,119363,
Gia Lâm,VN,309353,
Quận Đức Thịnh,VN,132000,Đức Thịnh Sa Đéc
Thành phố Sông Công,VN,128357,
Hoàng Mai,VN,113360,
Phổ Yên,VN,231363,
Prizren,XK,171464,普里兹伦
Pristina,XK,550000,Pristína|普里什蒂納|普里什蒂纳
Mitrovicë,XK,107045,
Taiz,YE,940600,
Sanaa,YE,1937451,Sanaá|萨那
Ibb,YE,771514,伊卜
Dhamār,YE,160114,
Mukalla,YE,594951,
Al Ḩudaydah,YE,734699,
Aden,YE,1079670,Adén|Áidin|亚丁|亞丁
Roodepoort,ZA,326416,魯德普特
Virginia,ZA,122502,
Mthatha,ZA,164848,烏姆塔塔
Kariega,ZA,291052,尤丹赫支|尤坦黑格
Tokoza,ZA,106000,
Thembisa,ZA,511655,
KwaDukuza,ZA,161177,
Soweto,ZA,1695047,索韋托|索韦托
Soshanguve,ZA,872309,
Randburg,ZA,337053,兰德堡|蘭德堡
Pretoria,ZA,2112693,Pretoría|Prétoriye|Tsindiitłʼííshí|普利托利亞|普利托里亞|比勒陀利亚|比勒陀利亞
Pinetown,ZA,144026,
Polokwane,ZA,272461,波羅克瓦尼
Pietermaritzburg,ZA,839327,彼得马里茨堡
Orkney,ZA,110052,
Nigel,ZA,140644,
Mbombela,ZA,110159,内尔斯普雷特
Mpumalanga,ZA,140121,
Mdantsane,ZA,205504,
Mabopane,ZA,110972,
Kimberley,ZA,142089,金伯利
Johannesburg,ZA,9418183,Jóhannesarborg|Yohannésburg|Yok-hon-nì-sṳ̂-páu|約翰尼斯堡|约翰内斯堡
Hammanskraal,ZA,112950,
Evaton,ZA,725468,伊瓦頓|伊瓦顿
eMbalenhle,ZA,142443,
Brakpan,ZA,305692,
Botshabelo,ZA,309714,
Boksburg,ZA,445168,
Bloemfontein,ZA,556637,布隆方丹
Bhisho,ZA,137287,比绍
Benoni,ZA,605344,伯諾尼|伯诺尼
Alberton,ZA,121536,艾伯頓
Somaroboro,ZA,114369,
Centurion,ZA,236580,杉球恩
Cape Town,ZA,4772846,Ciudá del Cabu|Fokváros|Kapské Mesto|Kapétown|Lé Cap|Yvy akua Táva|好望角鎮|開普敦
Somerset West,ZA,225289,
Etwatwa,ZA,151866,
Ntuzuma,ZA,125394,
Solwezi,ZM,301370,索盧韋齊
Ndola,ZM,627503,恩多拉
Mufulira,ZM,169136,
Mongu,ZM,111450,
Mazabuka,ZM,104412,
Mansa,ZM,170965,曼薩
Lusaka,ZM,2212301,Lúsaka|盧薩卡|路沙卡
Luanshya,ZM,193293,盧安夏
Kitwe,ZM,665961,基特韦
Kasama,ZM,179636,卡薩馬
Kalulushi,ZM,104046,
Kafue,ZM,104174,
Kabwe,ZM,288598,卡布韦
Chipata,ZM,327059,奇帕塔
Chililabombwe,ZM,113876,
Chunga,ZM,115539,
Mutare,ZW,224802,穆塔雷
Kwekwe,ZW,119863,奎奎市
Kadoma,ZW,117381,卡多馬
Harare,ZW,1542813,哈拉雷
Gweru,ZW,158200,
Bulawayo,ZW,665952,布拉瓦约
Chitungwiza,ZW,371246,
